Accident_Index,Vehicle_Reference,Vehicle_Type,Towing_and_Articulation,Vehicle_Manoeuvre,Vehicle_Location-Restricted_Lane,Junction_Location,Skidding_and_Overturning,Hit_Object_in_Carriageway,Vehicle_Leaving_Carriageway,Hit_Object_off_Carriageway,1st_Point_of_Impact,Was_Vehicle_Left_Hand_Drive?,Journey_Purpose_of_Driver,Sex_of_Driver,Age_of_Driver,Age_Band_of_Driver,Engine_Capacity_(CC),Propulsion_Code,Age_of_Vehicle,Driver_IMD_Decile,Driver_Home_Area_Type
1,1,9,0,18,0,0,0,0,0,0,1,1,15,2,74,10,-1,-1,-1,7,1
2,1,11,0,4,0,3,0,0,0,0,4,1,1,1,42,7,8268,2,3,-1,-1
3,1,11,0,17,0,0,0,4,0,0,4,1,1,1,35,6,8300,2,5,2,1
4,2,9,0,2,0,0,0,0,0,0,3,1,15,1,62,9,1762,1,6,1,1
5,1,9,0,18,0,0,0,0,0,0,1,1,15,2,49,8,1769,1,4,2,1
6,1,3,0,18,0,0,1,10,0,0,1,1,15,1,49,8,85,1,10,-1,-1
7,1,9,0,5,0,0,0,0,0,0,0,1,15,1,51,8,2976,1,1,4,1
8,2,3,0,18,0,0,0,0,0,0,0,1,15,2,30,6,124,1,2,1,1
9,1,3,0,18,0,1,0,4,0,0,1,1,15,1,31,6,-1,-1,-1,-1,-1
10,2,9,0,2,0,1,0,0,0,0,2,1,15,1,41,7,4266,1,4,6,1
11,1,9,0,18,0,0,0,0,1,0,1,1,15,1,68,10,5343,1,16,6,1
12,1,9,0,18,0,8,0,0,0,0,2,1,15,1,35,6,1998,1,13,3,1
13,2,9,0,9,0,8,0,0,0,0,1,1,15,2,48,8,-1,-1,-1,5,1
14,1,11,0,9,0,8,0,0,0,0,0,1,1,1,42,7,8268,2,2,2,1
15,2,90,0,18,0,8,0,0,0,0,0,1,15,3,-1,-1,-1,-1,-1,-1,-1
16,1,9,0,18,0,8,0,0,0,0,1,1,15,1,34,6,1988,1,6,4,1
17,1,9,0,9,0,8,0,0,0,0,1,1,15,2,19,4,1124,1,8,8,1
18,2,3,0,18,0,8,0,0,0,0,1,1,15,2,20,4,124,1,1,-1,-1
19,1,9,0,9,0,3,0,0,0,0,1,1,15,2,47,8,1360,1,2,3,1
20,1,9,0,18,0,8,0,7,7,1,1,1,15,1,34,6,698,1,2,7,1
21,2,9,0,7,0,8,0,0,0,0,0,1,15,1,33,6,2148,2,4,4,1
22,1,5,0,18,0,0,0,0,0,0,1,1,15,1,42,7,1171,1,2,8,1
23,1,11,0,18,0,1,0,0,0,0,4,1,1,1,57,9,7300,2,1,3,1
24,1,5,0,18,0,8,0,0,0,0,1,1,15,1,54,8,599,1,6,5,1
25,2,9,0,9,0,8,0,0,0,0,3,2,15,1,44,7,-1,-1,-1,8,1
26,1,9,0,9,0,8,0,0,0,0,3,1,15,1,27,6,1998,1,7,6,1
27,2,3,0,18,0,8,0,0,0,0,1,1,15,1,26,6,-1,-1,-1,2,1
28,1,5,0,13,0,0,0,0,0,0,1,1,15,1,33,6,599,1,1,7,1
29,2,9,0,6,0,0,0,0,0,0,3,1,15,1,31,6,1995,2,5,10,1
30,1,9,0,18,0,1,0,0,0,0,1,1,15,1,28,6,1997,1,1,5,1
31,1,3,0,18,0,0,0,0,0,0,1,1,1,1,-1,-1,-1,-1,-1,-1,-1
32,1,9,0,7,0,8,0,0,0,0,1,1,15,2,37,7,2792,1,6,9,1
33,2,1,0,17,0,8,0,0,0,0,3,1,15,2,25,5,-1,-1,-1,7,1
34,1,9,0,9,0,8,0,0,0,0,1,1,15,1,43,7,1587,1,10,1,1
35,2,5,0,18,0,8,0,0,0,0,1,1,15,1,59,9,740,1,11,4,1
36,1,3,0,18,0,8,0,0,0,0,3,1,15,1,40,7,120,1,4,10,1
37,2,19,0,9,0,8,0,0,0,0,1,1,15,1,-1,-1,1998,2,-1,-1,-1
38,1,9,0,18,0,8,0,0,0,0,1,1,15,1,54,8,-1,-1,-1,2,1
39,2,9,0,9,0,8,0,0,0,0,4,1,15,1,59,9,1951,2,1,2,1
40,1,9,0,18,0,2,0,0,0,0,1,1,15,1,41,7,1192,1,-1,3,1
41,1,1,0,18,0,0,0,0,0,0,3,1,15,1,47,8,-1,-1,-1,-1,-1
42,2,9,0,18,0,0,0,0,0,0,4,1,15,3,-1,-1,1998,1,7,-1,-1
43,1,9,0,3,0,1,0,0,0,0,2,1,15,1,29,6,1796,1,3,7,1
44,2,9,0,18,0,1,0,0,0,0,1,1,15,1,-1,-1,1996,1,11,-1,-1
45,1,4,0,13,0,2,0,0,0,0,1,1,15,2,28,6,398,1,14,1,1
46,2,9,0,6,0,2,0,0,0,0,3,1,15,1,39,7,1991,1,8,10,1
47,1,9,0,18,0,1,0,0,0,0,2,1,15,1,40,7,-1,-1,-1,-1,-1
48,2,5,0,18,0,1,0,0,0,0,1,1,15,2,33,6,645,1,4,5,1
49,1,3,0,18,0,8,0,0,0,0,1,1,15,1,24,5,124,1,3,2,1
50,2,5,0,18,0,8,0,0,0,0,4,1,15,1,28,6,-1,-1,-1,3,1
51,1,1,0,16,0,1,0,0,0,0,0,1,15,1,31,6,-1,-1,-1,4,1
52,2,9,0,9,0,8,0,0,0,0,0,1,15,3,-1,-1,-1,-1,-1,-1,-1
53,1,4,0,18,0,1,1,0,0,0,1,1,15,1,43,7,244,1,1,3,1
54,2,9,0,18,0,1,0,0,0,0,2,1,15,1,40,7,1598,1,1,7,1
55,1,3,0,18,0,8,0,0,0,0,4,1,15,2,23,5,124,1,8,2,1
56,2,9,0,18,0,8,0,0,0,0,1,1,15,3,-1,-1,-1,-1,-1,-1,-1
57,1,9,0,18,0,8,0,0,0,0,3,1,15,1,46,8,1985,1,9,2,1
58,2,9,0,18,0,8,0,0,0,0,3,1,15,1,43,7,-1,-1,-1,2,1
59,3,9,0,18,0,8,0,0,0,0,3,1,15,2,29,6,1590,1,6,6,1
60,4,19,0,18,0,8,0,0,0,0,1,1,15,3,-1,-1,-1,-1,-1,-1,-1
61,1,9,0,18,0,8,0,0,0,0,2,1,15,1,29,6,1597,1,9,1,1
62,2,9,0,9,0,8,0,0,0,0,1,1,15,1,-1,-1,1117,1,18,-1,-1
63,1,9,0,7,0,0,0,0,0,0,1,1,15,2,36,7,1998,2,1,6,1
64,2,1,0,18,0,0,0,0,0,0,3,1,15,1,37,7,-1,-1,-1,2,1
65,1,1,0,18,0,0,0,0,0,0,3,1,15,1,50,8,-1,-1,-1,4,1
66,2,9,0,11,0,0,0,0,0,0,4,1,15,3,-1,-1,1242,1,8,-1,-1
67,1,9,0,3,0,8,0,0,0,0,2,1,15,1,45,7,1596,1,8,3,1
68,2,9,0,4,0,8,0,0,0,0,1,1,15,1,25,5,1587,1,3,9,1
69,1,3,0,18,0,0,0,0,0,0,1,1,15,1,28,6,100,1,4,-1,-1
70,2,9,0,11,0,0,0,0,0,0,4,1,15,1,59,9,-1,-1,-1,9,1
71,1,9,0,18,0,8,0,0,0,0,1,1,15,1,38,7,1595,1,3,2,1
72,1,5,0,7,0,8,0,0,0,0,1,1,15,1,39,7,599,1,3,6,1
73,2,9,0,7,0,8,0,0,0,0,2,1,15,1,23,5,1796,1,1,8,2
74,1,9,0,18,0,0,0,0,0,0,0,1,15,1,35,6,1598,1,3,4,1
75,1,8,0,18,0,8,0,0,0,0,2,1,15,1,42,7,2664,2,3,2,1
76,2,11,0,18,0,8,0,0,0,0,1,1,1,1,56,9,-1,2,39,-1,-1
77,1,5,0,15,0,0,0,0,0,0,1,1,15,1,28,6,599,1,1,1,1
78,2,9,0,3,0,0,0,0,0,0,4,1,15,1,72,10,1994,1,1,6,1
79,1,9,0,4,0,0,0,0,0,0,2,1,15,2,26,6,1840,1,7,5,1
80,2,9,0,18,0,0,0,0,0,0,1,1,15,1,70,10,1488,1,18,5,1
81,1,1,0,9,0,8,0,0,0,0,3,1,15,2,65,9,-1,-1,-1,-1,-1
82,2,3,0,18,0,8,0,0,0,0,1,1,15,1,50,8,124,1,2,-1,-1
83,1,11,0,3,0,0,0,0,0,0,0,1,15,1,35,6,8300,2,5,4,1
84,1,9,0,18,0,8,0,0,0,0,1,1,15,1,19,4,1493,1,10,2,1
85,2,9,0,18,0,8,0,0,0,0,1,1,15,1,22,5,-1,-1,-1,5,1
86,1,9,0,18,0,8,0,0,0,0,1,1,15,2,54,8,1994,1,10,2,1
87,2,9,0,18,0,8,0,0,0,0,1,1,15,2,35,6,1390,1,8,7,1
88,1,1,0,3,0,1,0,0,0,0,2,1,15,1,-1,-1,-1,-1,-1,4,1
89,2,19,0,4,0,1,0,0,0,0,1,1,15,1,21,5,2151,2,1,6,1
90,1,11,0,5,0,0,0,0,0,0,0,1,1,1,45,7,9640,2,41,2,1
91,1,5,0,18,0,0,0,0,0,0,1,1,15,1,25,5,599,1,7,3,1
92,1,21,1,18,0,1,0,0,0,0,4,1,15,1,57,9,11946,2,8,8,3
93,2,1,0,18,0,1,0,0,0,0,3,1,15,2,36,7,-1,-1,-1,7,1
94,1,11,0,18,0,2,0,0,0,0,4,1,1,1,30,6,-1,-1,-1,3,1
95,1,9,0,18,0,2,0,0,0,0,1,1,15,1,49,8,-1,-1,-1,7,1
96,1,8,0,18,0,1,0,0,0,0,1,1,15,1,58,9,2664,2,12,5,1
97,1,1,0,18,0,8,0,0,0,0,3,1,15,1,14,3,-1,-1,-1,-1,-1
98,2,9,0,18,0,8,0,0,0,0,1,1,15,1,29,6,1990,1,21,-1,-1
99,1,9,0,18,0,8,0,0,0,0,4,1,15,1,41,7,1598,1,5,1,1
100,2,9,0,18,0,8,0,0,0,0,1,1,15,1,-1,-1,1796,1,9,7,1
101,1,9,0,18,0,8,0,0,0,0,1,1,15,2,59,9,1998,1,8,2,1
102,1,5,0,18,0,0,0,0,0,0,4,1,15,1,43,7,599,1,7,-1,-1
103,2,19,0,18,0,0,0,0,0,0,3,1,15,1,24,5,1870,2,-1,3,1
104,3,9,0,18,0,0,0,0,0,0,3,1,15,1,58,9,-1,-1,-1,4,1
105,1,9,0,18,0,8,0,0,0,0,3,1,15,1,24,5,1124,1,4,5,1
106,2,9,0,9,0,8,0,0,0,0,4,1,15,1,-1,-1,1495,1,9,6,1
107,1,9,0,12,0,0,0,0,0,0,1,1,15,1,66,10,2495,2,3,2,1
108,2,1,0,18,0,0,0,0,0,0,2,1,15,2,59,9,-1,-1,-1,4,1
109,1,3,0,18,0,0,0,0,0,0,3,1,15,1,19,4,85,1,7,2,1
110,1,9,0,3,0,0,0,0,0,0,2,1,15,1,29,6,-1,-1,-1,6,1
111,2,9,0,4,0,0,0,0,0,0,1,1,15,1,29,6,-1,-1,-1,1,1
112,1,9,0,18,0,8,0,0,0,0,1,1,15,1,32,6,3175,1,-1,6,1
113,2,9,0,18,0,8,0,0,0,0,1,1,15,1,-1,-1,1998,1,8,-1,-1
114,3,9,0,2,0,8,0,0,0,0,4,1,15,3,34,6,1397,1,2,-1,-1
115,4,9,0,2,0,8,0,0,0,0,2,1,15,3,-1,-1,-1,-1,-1,-1,-1
116,1,9,0,9,0,8,0,0,0,0,3,1,15,1,19,4,-1,-1,-1,2,1
117,2,3,0,18,0,8,0,0,0,0,1,1,15,1,29,6,124,1,1,6,1
118,1,9,0,9,0,8,0,0,0,0,1,1,15,1,58,9,1761,1,12,-1,-1
119,1,9,0,2,0,0,0,0,0,0,1,1,15,2,39,7,2799,1,9,7,1
120,1,3,0,18,0,8,0,0,0,0,1,1,15,1,39,7,125,1,2,-1,-1
121,2,9,0,6,0,8,0,0,0,0,1,1,15,1,40,7,1985,1,16,7,1
122,1,3,0,18,0,8,0,0,0,0,4,1,15,2,36,7,124,1,1,8,1
123,2,9,0,9,0,8,0,0,0,0,0,1,15,1,42,7,2597,1,4,-1,-1
124,1,8,0,9,0,8,0,0,0,0,0,1,15,1,63,9,2664,2,6,10,1
125,1,9,0,18,0,8,0,0,0,0,1,1,15,1,55,8,-1,-1,-1,6,1
126,2,9,0,18,0,8,0,0,0,0,3,1,15,2,32,6,-1,-1,-1,4,1
127,3,1,0,9,0,8,0,0,0,0,1,1,15,1,26,6,-1,-1,-1,4,1
128,1,9,0,18,0,8,0,0,0,0,1,1,15,3,-1,-1,1905,2,8,-1,-1
129,1,9,0,18,0,0,0,0,0,0,1,1,15,2,33,6,1396,1,5,4,1
130,1,3,0,13,0,8,1,0,0,0,2,1,15,1,22,5,125,1,1,2,1
131,1,9,0,18,0,2,0,0,0,0,4,1,15,2,40,7,-1,-1,-1,5,1
132,2,1,0,15,0,2,0,0,0,0,3,1,15,1,29,6,-1,-1,-1,7,1
133,1,20,0,18,0,1,0,0,0,0,1,1,15,1,30,6,-1,2,2,2,1
134,1,11,0,4,0,8,0,0,0,0,0,1,15,1,51,8,-1,-1,-1,-1,-1
135,1,9,0,18,0,8,0,0,0,0,1,1,15,2,77,11,1600,1,6,5,1
136,2,1,0,18,0,8,0,0,0,0,4,1,15,1,54,8,-1,-1,-1,-1,-1
137,1,9,0,3,0,8,0,0,0,0,2,1,15,1,45,7,-1,-1,-1,5,1
138,2,9,0,4,0,8,0,0,0,0,1,1,15,1,-1,-1,1781,1,11,-1,-1
139,1,19,0,7,0,2,0,0,0,0,0,1,15,1,22,5,2963,2,3,6,1
140,2,3,0,18,0,2,0,0,0,0,0,1,15,1,26,6,124,1,1,5,1
141,1,9,0,6,0,1,0,0,0,0,3,1,15,1,38,7,-1,-1,-1,3,1
142,2,5,0,18,0,1,0,0,0,0,1,1,15,1,24,5,749,1,8,2,1
143,1,2,0,18,0,8,0,0,0,0,0,1,15,2,35,6,49,1,3,-1,-1
144,2,9,0,9,0,8,0,0,0,0,0,1,15,3,-1,-1,-1,-1,-1,-1,-1
145,1,9,0,6,0,8,0,0,0,0,1,1,15,2,-1,-1,1970,1,4,-1,-1
146,2,1,0,18,0,8,0,0,0,0,3,1,15,1,52,8,-1,-1,-1,4,1
147,1,2,0,14,0,0,0,8,0,0,4,1,15,1,31,6,49,1,2,7,1
148,2,9,0,2,0,0,0,0,0,0,3,1,15,1,-1,-1,1598,1,4,1,1
149,1,9,0,9,0,8,0,0,0,0,1,1,15,1,39,7,-1,-1,-1,10,1
150,2,1,0,18,0,8,0,0,0,0,1,1,15,2,26,6,-1,-1,-1,4,1
151,1,9,0,18,0,8,0,0,0,0,1,1,15,1,29,6,1997,1,11,6,1
152,2,9,0,18,0,8,0,0,0,0,1,1,15,2,23,5,1242,1,3,2,1
153,1,19,0,9,0,8,0,0,0,0,1,1,15,1,47,8,1870,2,-1,4,1
154,1,9,0,18,0,8,0,0,0,0,1,1,15,1,41,7,1997,2,2,3,1
155,1,2,0,18,0,8,0,0,0,0,1,1,15,1,35,6,49,1,5,-1,-1
156,1,8,0,18,0,1,0,0,0,0,1,1,15,1,34,6,-1,-1,-1,5,1
157,2,1,0,18,0,1,0,0,0,0,2,1,15,1,74,10,-1,-1,-1,7,1
158,1,9,0,18,0,0,2,0,0,0,1,1,15,1,36,7,3246,1,1,-1,-1
159,1,11,0,2,0,8,0,0,0,0,0,1,1,1,-1,-1,7300,2,2,-1,-1
160,1,1,0,12,0,1,0,0,0,0,1,1,15,1,29,6,-1,-1,-1,5,1
161,2,11,0,18,0,1,0,0,0,0,1,1,15,1,49,8,7300,2,4,1,1
162,1,9,0,3,0,8,0,0,0,0,2,1,15,2,38,7,3950,1,2,7,1
163,2,19,0,4,0,8,0,0,0,0,1,1,15,1,27,6,-1,-1,-1,4,1
164,1,9,0,9,0,8,0,0,0,0,1,1,15,1,47,8,-1,-1,-1,1,1
165,2,1,0,9,0,8,0,0,0,0,1,1,15,1,34,6,-1,-1,-1,2,1
166,1,5,0,18,0,8,0,0,0,0,1,1,15,1,38,7,645,1,3,7,1
167,2,3,0,18,0,8,0,0,0,0,1,1,15,1,42,7,125,1,2,7,1
168,3,9,0,18,0,8,0,0,0,0,1,1,15,1,40,7,-1,-1,-1,4,1
169,1,9,0,18,0,8,0,0,0,0,1,1,15,2,39,7,4660,1,5,-1,-1
170,2,9,0,3,0,8,0,0,0,0,2,1,15,1,34,6,1900,2,5,4,1
171,3,9,0,3,0,8,0,0,0,0,2,1,15,2,37,7,3199,1,5,5,1
172,1,4,0,18,0,0,0,0,0,0,1,1,15,2,21,5,399,1,11,-1,-1
173,1,9,0,18,0,0,0,0,0,0,4,1,15,1,23,5,1360,1,1,-1,-1
174,1,1,0,18,0,8,0,0,0,0,1,1,15,1,40,7,-1,-1,-1,3,1
175,2,8,0,6,0,8,0,0,0,0,1,1,15,1,-1,-1,-1,-1,-1,-1,-1
176,1,5,0,18,0,0,0,0,0,0,0,1,15,1,32,6,988,1,3,4,1
177,2,21,0,18,0,0,0,0,0,0,1,1,15,1,43,7,7790,2,2,5,1
178,1,9,0,10,0,8,0,0,0,0,2,1,15,1,40,7,1985,1,15,3,1
179,2,9,0,18,0,8,0,0,0,0,1,1,15,1,32,6,1896,2,2,1,1
180,1,9,0,18,0,8,0,0,0,0,1,1,15,1,48,8,954,1,12,3,1
181,2,9,0,9,0,8,0,0,0,0,1,1,15,1,47,8,-1,-1,-1,10,1
182,1,11,0,3,0,8,0,0,0,0,0,1,15,1,54,8,8268,2,3,4,1
183,2,9,0,18,0,8,0,0,0,0,1,1,15,1,37,7,5998,1,1,8,1
184,1,9,0,18,0,8,0,0,0,0,1,1,15,2,57,9,1895,1,4,6,1
185,2,1,0,7,0,8,0,0,0,0,2,1,15,2,44,7,-1,-1,-1,4,1
186,1,4,0,18,0,1,0,0,0,0,1,1,15,1,53,8,-1,-1,-1,7,1
187,1,19,0,9,0,8,0,0,0,0,1,1,15,1,23,5,1686,2,2,3,1
188,2,9,0,2,0,8,0,0,0,0,1,1,15,2,43,7,1796,1,6,2,1
189,1,9,0,2,0,0,0,0,0,0,3,1,15,2,49,8,1998,1,7,7,1
190,2,9,0,2,0,0,0,0,0,0,2,1,15,2,37,7,-1,-1,-1,9,1
191,3,3,0,18,0,0,0,0,0,0,1,1,15,1,-1,-1,124,1,5,-1,-1
192,1,5,0,3,0,8,0,0,0,0,2,1,15,1,34,6,-1,-1,-1,2,1
193,2,8,0,18,0,8,0,0,0,0,1,1,15,1,-1,-1,2664,2,14,-1,-1
194,1,3,0,18,0,8,0,0,0,0,0,1,15,1,-1,-1,-1,-1,-1,-1,-1
195,1,5,0,18,0,8,0,0,0,0,1,1,15,1,30,6,-1,-1,-1,7,1
196,1,3,0,13,0,0,0,0,0,0,1,1,15,1,33,6,124,1,2,8,1
197,2,9,0,12,0,0,0,0,0,0,3,1,15,1,38,7,-1,-1,-1,4,1
198,1,9,0,18,0,8,0,0,0,0,1,1,15,2,51,8,1332,1,8,3,1
199,1,9,0,18,0,8,0,0,0,0,1,1,15,1,54,8,-1,-1,-1,6,1
200,1,11,0,4,0,8,0,0,0,0,0,1,15,1,33,6,8268,2,3,2,1
201,1,9,0,18,0,0,0,0,0,0,0,1,15,3,-1,-1,-1,-1,-1,-1,-1
202,1,1,0,18,0,2,0,0,0,0,1,1,15,1,-1,-1,-1,-1,-1,-1,-1
203,1,9,0,5,0,8,0,0,0,0,3,1,15,2,46,8,1781,1,12,-1,-1
204,2,5,0,18,0,8,0,0,0,0,1,1,15,1,79,11,-1,-1,-1,-1,-1
205,1,9,0,9,0,8,0,0,0,0,3,1,15,1,-1,-1,-1,-1,-1,-1,-1
206,2,1,0,18,0,8,0,0,0,0,1,1,15,1,29,6,-1,-1,-1,-1,-1
207,1,2,0,18,0,1,0,0,0,0,1,1,15,1,27,6,49,1,1,1,1
208,2,9,0,6,0,2,0,0,0,0,4,1,15,3,-1,-1,-1,-1,-1,-1,-1
209,1,9,0,3,0,8,0,0,0,0,2,1,15,1,36,7,1242,1,3,5,1
210,2,9,0,18,0,8,0,0,0,0,1,1,15,1,-1,-1,1800,1,5,-1,-1
211,1,9,0,18,0,8,0,0,0,0,3,1,15,1,51,8,998,1,12,6,1
212,2,9,0,18,0,8,0,0,0,0,1,1,15,1,62,9,-1,-1,-1,10,1
213,1,8,0,3,0,8,0,0,0,0,2,1,15,1,58,9,-1,-1,-1,3,1
214,2,9,0,18,0,8,0,0,0,0,1,1,15,1,19,4,1598,1,1,1,1
215,1,19,0,10,0,8,0,0,0,0,3,1,15,1,41,7,2402,2,3,3,1
216,2,4,0,18,0,1,1,0,0,0,1,1,15,1,24,5,399,1,13,2,1
217,1,19,0,1,0,8,0,0,0,0,2,1,15,1,28,6,2151,2,2,7,1
218,2,5,0,7,0,1,0,0,0,0,1,1,15,1,48,8,1130,1,1,7,3
219,3,9,0,7,0,1,0,0,0,0,1,1,15,2,39,7,1896,2,-1,7,1
220,1,11,0,5,0,0,0,0,0,0,0,1,1,1,-1,-1,-1,-1,-1,-1,-1
221,1,9,0,1,0,8,0,0,0,0,2,1,15,1,-1,-1,-1,-1,-1,-1,-1
222,1,9,0,16,0,8,0,0,0,0,3,1,15,1,66,10,4398,1,1,10,1
223,2,9,0,16,0,8,0,0,0,0,3,1,15,2,27,6,-1,-1,-1,8,1
224,3,9,0,9,0,8,0,0,0,0,4,1,15,1,25,5,1783,1,6,2,1
225,1,9,0,9,0,8,0,0,0,0,1,1,15,2,20,4,-1,-1,-1,7,1
226,2,1,0,18,0,8,0,0,0,0,1,1,15,2,31,6,-1,-1,-1,7,1
227,1,5,0,18,0,8,0,0,0,0,1,1,15,1,33,6,618,1,3,6,1
228,2,9,0,9,0,8,0,0,0,0,2,1,15,1,-1,-1,-1,-1,-1,-1,-1
229,1,9,0,9,0,2,0,0,0,0,3,1,15,1,-1,-1,1796,1,5,5,1
230,1,9,0,18,0,1,0,0,0,0,1,1,15,3,-1,-1,-1,-1,-1,-1,-1
231,1,9,0,9,0,8,0,0,0,0,3,1,15,1,66,10,1796,1,2,-1,-1
232,2,2,0,18,0,8,0,0,0,0,1,1,15,1,40,7,49,1,3,3,1
233,1,19,0,1,0,1,0,0,0,0,1,1,15,1,27,6,-1,-1,-1,-1,-1
234,1,9,0,7,0,8,0,0,0,0,2,1,15,2,39,7,-1,-1,-1,2,1
235,2,9,0,7,0,8,0,0,0,0,1,1,15,1,25,5,1988,1,3,7,1
236,1,3,0,18,0,8,0,0,0,0,4,1,15,2,45,7,-1,-1,-1,8,1
237,2,11,0,9,0,8,0,0,0,0,1,1,15,1,-1,-1,4250,2,2,8,1
238,1,9,0,18,0,8,0,0,0,0,1,1,15,1,39,7,-1,-1,-1,3,1
239,2,1,0,18,0,8,0,0,0,0,1,1,15,1,12,3,-1,-1,-1,-1,-1
240,1,19,0,5,0,1,0,0,0,0,1,1,15,3,-1,-1,-1,-1,-1,-1,-1
241,1,9,0,7,0,8,0,0,0,0,3,1,15,2,54,8,1389,1,7,5,1
242,2,1,0,18,0,8,0,0,0,0,2,1,15,2,30,6,-1,-1,-1,7,1
243,1,9,0,18,0,8,0,0,0,0,1,1,15,1,42,7,1360,1,3,6,1
244,1,9,0,13,0,1,0,0,0,0,1,1,15,1,34,6,2295,1,9,2,1
245,2,5,0,6,0,1,0,0,0,0,3,1,15,1,31,6,1137,1,8,10,1
246,1,9,0,18,0,1,0,0,0,0,1,1,15,1,-1,-1,-1,-1,-1,-1,-1
247,1,9,0,18,0,0,0,0,0,0,1,1,15,1,-1,-1,1598,1,6,-1,-1
248,1,5,0,18,0,8,0,0,0,0,1,1,15,1,37,7,-1,-1,-1,7,1
249,2,9,0,6,0,8,0,0,0,0,1,1,15,2,41,7,1396,1,13,3,1
250,3,9,0,18,0,8,0,0,0,0,3,1,15,1,37,7,-1,-1,-1,2,1
251,1,3,0,18,0,8,0,0,0,0,3,1,1,1,21,5,-1,-1,-1,3,1
252,2,9,0,9,0,8,0,0,0,0,1,1,15,3,-1,-1,1996,1,7,-1,-1
253,1,11,0,4,0,0,0,0,0,0,4,1,15,1,59,9,-1,-1,-1,7,1
254,1,9,0,18,0,2,0,0,0,0,4,1,15,1,31,6,1796,1,8,4,1
255,2,1,0,18,0,8,0,0,0,0,1,1,15,1,21,5,-1,-1,-1,-1,-1
256,1,10,0,9,0,8,0,0,0,0,1,1,15,1,49,8,1993,1,18,7,1
257,2,1,0,15,0,8,0,0,0,0,1,1,15,1,36,7,-1,-1,-1,3,1
258,1,3,0,18,0,8,0,0,0,0,1,1,15,2,36,7,124,1,6,3,1
259,2,19,0,9,0,8,0,0,0,0,3,1,15,1,36,7,-1,-1,-1,6,1
260,1,5,0,18,0,8,1,0,0,0,1,1,15,1,33,6,599,1,6,2,1
261,2,9,0,9,0,8,0,0,0,0,1,1,15,1,23,5,1796,1,4,6,1
262,1,5,0,18,0,8,0,0,0,0,3,1,15,1,30,6,645,1,2,5,2
263,2,9,0,12,0,8,0,0,0,0,4,1,15,1,-1,-1,1762,1,5,-1,-1
264,1,9,0,11,0,8,0,0,0,0,4,1,15,1,49,8,1796,1,16,3,1
265,2,9,0,12,0,8,0,0,0,0,3,1,15,1,31,6,-1,-1,-1,7,1
266,1,9,0,9,0,2,0,0,0,0,1,1,15,2,30,6,-1,-1,-1,4,1
267,1,9,0,1,0,0,0,0,0,0,2,1,15,1,24,5,-1,-1,-1,9,1
268,1,8,0,18,0,0,0,0,0,0,1,1,1,1,35,6,2664,2,5,10,2
269,2,1,0,11,0,0,0,0,0,0,2,1,15,1,13,3,-1,-1,-1,2,1
270,1,9,0,9,0,8,0,0,0,0,1,1,15,1,-1,-1,-1,-1,-1,-1,-1
271,1,9,0,10,0,2,0,0,0,0,1,1,15,1,24,5,1598,1,1,8,1
272,2,3,0,18,0,2,0,0,0,0,3,1,15,1,45,7,124,1,9,7,1
273,1,9,0,18,0,1,0,0,0,0,3,1,15,1,32,6,2171,1,3,8,1
274,2,9,0,10,0,8,0,0,0,0,4,1,15,1,33,6,2494,1,7,-1,-1
275,1,8,0,18,0,0,0,0,0,0,1,1,15,1,51,8,-1,-1,-1,10,1
276,2,1,0,9,0,0,0,7,0,0,3,1,15,1,44,7,-1,-1,-1,-1,-1
277,1,5,0,18,0,0,0,0,0,0,3,1,15,1,35,6,564,1,19,2,1
278,2,9,0,18,0,0,0,0,0,0,4,1,15,2,52,8,4398,1,2,3,1
279,1,5,0,18,0,8,0,0,0,0,1,1,15,1,31,6,599,1,5,8,3
280,2,9,0,9,0,8,0,0,0,0,4,1,15,1,-1,-1,-1,-1,-1,-1,-1
281,1,1,0,18,0,8,0,0,0,0,1,1,15,1,34,6,-1,-1,-1,2,1
282,2,9,0,7,0,8,0,0,0,0,1,1,15,2,29,6,1596,1,8,3,1
283,1,1,0,14,0,1,0,0,0,0,1,1,15,1,61,9,-1,-1,-1,7,1
284,2,19,0,2,0,1,0,0,0,0,3,1,15,1,-1,-1,-1,-1,-1,-1,-1
285,1,1,0,18,4,1,0,0,0,0,1,1,15,2,32,6,-1,-1,-1,5,1
286,2,9,0,3,0,1,0,0,0,0,4,1,15,1,74,10,-1,-1,-1,1,1
287,1,9,0,9,0,8,0,0,0,0,4,1,15,2,59,9,1299,1,3,-1,-1
288,2,3,0,18,0,8,0,0,0,0,1,1,15,2,38,7,124,1,10,2,1
289,1,9,0,9,0,1,0,0,0,0,3,1,15,1,20,4,1396,1,9,4,1
290,2,3,0,13,0,8,0,0,0,0,4,1,15,1,20,4,124,1,2,10,1
291,1,9,0,9,0,8,0,0,0,0,4,1,15,1,32,6,1984,1,9,3,1
292,2,3,0,18,0,8,0,0,0,0,1,1,15,1,34,6,-1,-1,-1,2,1
293,1,9,0,9,0,8,0,0,0,0,3,1,15,2,27,6,1799,1,9,7,1
294,2,1,0,18,4,1,0,0,0,0,1,1,15,1,52,8,-1,-1,-1,6,1
295,1,9,0,18,0,1,0,0,0,0,3,1,15,1,39,7,3199,1,6,6,1
296,1,1,0,18,0,0,0,0,0,0,2,1,15,2,27,6,-1,-1,-1,3,1
297,2,9,0,18,0,0,0,0,0,0,1,1,15,3,-1,-1,3199,1,3,-1,-1
298,3,8,0,2,0,0,0,0,0,0,0,1,15,1,-1,-1,-1,-1,-1,-1,-1
299,1,9,0,3,0,1,0,0,0,0,2,1,15,2,38,7,-1,-1,-1,8,1
300,2,9,0,18,0,1,0,0,0,0,1,1,15,2,36,7,1108,1,10,3,1
301,1,9,0,18,0,0,0,0,0,0,4,1,15,1,24,5,1600,1,1,2,1
302,1,3,0,18,0,0,0,0,0,0,1,1,15,1,45,7,85,1,4,1,1
303,2,9,0,6,0,0,0,0,0,0,3,1,15,2,27,6,1391,1,13,2,1
304,1,3,0,17,0,0,0,0,0,0,4,1,15,1,34,6,125,1,1,9,1
305,2,9,0,12,0,0,0,0,0,0,1,1,15,1,-1,-1,1998,1,4,-1,-1
306,1,9,0,18,0,1,0,0,0,0,1,1,15,1,27,6,1970,1,7,2,1
307,2,9,0,4,0,1,0,0,0,0,2,1,15,1,42,7,-1,-1,-1,2,1
308,3,9,0,3,0,1,0,0,0,0,2,1,15,2,30,6,1587,1,6,10,1
309,1,9,0,5,0,8,0,0,0,0,3,1,1,1,30,6,1800,1,6,3,1
310,2,9,0,18,0,8,0,0,0,0,4,1,15,1,37,7,1905,2,9,1,1
311,1,8,0,18,0,1,0,0,0,0,4,1,1,1,49,8,2446,2,5,4,1
312,2,9,0,5,0,1,0,0,0,0,3,1,15,2,-1,-1,-1,-1,-1,-1,-1
313,1,1,0,18,0,8,0,0,0,0,0,1,15,2,27,6,-1,-1,-1,2,1
314,2,19,0,9,0,8,0,0,0,0,0,1,15,1,41,7,-1,-1,-1,2,1
315,1,5,0,18,0,0,0,0,0,0,4,1,15,1,49,8,-1,-1,-1,-1,-1
316,2,9,0,6,0,0,0,0,0,0,3,1,15,1,-1,-1,1998,1,7,2,1
317,1,9,0,7,0,8,0,0,0,0,4,1,15,2,37,7,1242,1,4,1,1
318,2,1,0,18,0,8,0,0,0,0,1,1,15,1,36,7,-1,-1,-1,4,1
319,1,5,0,18,0,8,0,0,0,0,1,1,15,1,30,6,1298,1,2,3,1
320,2,9,0,9,0,8,0,0,0,0,3,1,15,2,30,6,2979,1,3,7,1
321,1,9,0,9,0,8,0,0,0,0,1,1,15,3,-1,-1,-1,-1,-1,-1,-1
322,1,11,0,4,0,0,0,0,0,0,4,1,1,1,44,7,4250,2,7,-1,-1
323,2,11,0,3,0,0,0,0,0,0,0,1,1,3,-1,-1,-1,-1,-1,-1,-1
324,1,5,0,18,0,1,0,0,0,0,-1,1,15,1,34,6,599,1,2,-1,-1
325,2,9,0,9,0,8,0,0,0,0,-1,1,15,1,-1,-1,1998,1,4,-1,-1
326,1,19,0,5,0,0,0,0,0,0,0,1,15,1,-1,-1,2402,2,3,6,1
327,1,3,0,18,0,1,0,0,0,0,2,1,15,1,28,6,125,1,1,6,1
328,2,9,0,11,0,1,0,0,0,0,4,1,15,1,38,7,2979,1,3,2,1
329,1,9,0,18,0,0,0,0,0,0,1,1,15,1,42,7,-1,-1,-1,3,1
330,1,8,0,6,2,2,0,0,0,0,3,1,15,1,34,6,2664,2,6,5,1
331,2,1,0,18,2,2,0,0,0,0,4,1,15,1,28,6,-1,-1,-1,9,1
332,1,19,0,7,0,1,0,0,0,0,1,1,15,1,41,7,2461,2,6,1,1
333,2,1,0,18,0,1,0,0,0,0,1,1,15,2,25,5,-1,-1,-1,9,1
334,1,9,0,9,0,8,0,0,0,0,1,1,15,1,41,7,2350,1,5,7,1
335,2,5,0,18,0,8,0,0,0,0,1,1,15,1,-1,-1,600,1,6,4,1
336,1,11,0,9,0,2,0,0,0,0,1,1,1,1,22,5,730,2,1,1,1
337,1,19,0,18,0,0,0,0,0,0,3,1,15,1,29,6,1896,2,8,5,1
338,2,19,0,2,0,0,0,0,0,0,0,1,15,1,51,8,2299,2,7,8,2
339,1,9,0,18,0,8,0,0,0,0,4,1,15,1,31,6,1497,8,-1,3,1
340,2,1,0,18,0,8,0,0,0,0,0,1,15,1,8,2,-1,-1,-1,7,1
341,1,11,0,18,0,8,0,0,0,0,1,1,15,1,40,7,7300,2,1,3,1
342,2,9,0,18,0,8,0,0,0,0,1,1,15,1,62,9,1998,2,1,1,1
343,1,3,0,13,0,8,0,0,0,0,4,1,15,1,36,7,124,1,2,9,1
344,2,9,0,9,0,8,0,0,0,0,3,1,15,1,27,6,2500,1,5,2,1
345,1,3,0,18,0,0,0,0,0,0,0,1,15,1,28,6,125,1,1,-1,-1
346,1,3,0,9,0,8,0,0,0,0,1,1,15,1,49,8,125,1,4,7,1
347,2,9,0,18,0,8,0,0,0,0,4,1,15,2,41,7,3200,1,2,4,1
348,1,9,0,18,0,1,0,0,0,0,2,1,15,2,27,6,2962,1,16,8,1
349,1,9,0,2,0,1,0,0,0,0,3,1,15,2,38,7,-1,-1,-1,4,1
350,2,19,0,18,0,1,0,0,0,0,1,1,1,1,51,8,-1,-1,-1,3,1
351,3,1,0,18,0,1,0,8,0,0,1,1,15,1,45,7,-1,-1,-1,2,1
352,1,19,0,7,0,8,0,0,0,0,4,1,15,1,49,8,2151,2,2,2,1
353,2,1,0,18,0,8,0,0,0,0,1,1,15,2,24,5,-1,-1,-1,5,1
354,1,9,0,3,0,8,0,0,0,0,2,1,15,1,39,7,1799,1,6,8,1
355,2,9,0,18,0,8,0,0,0,0,1,1,15,1,-1,-1,1997,1,1,-1,-1
356,1,9,0,4,0,0,0,0,0,0,2,1,15,2,36,7,1798,1,2,4,1
357,2,9,0,18,0,0,0,0,0,0,1,1,15,1,-1,-1,2283,2,5,2,1
358,1,9,0,18,0,1,0,0,0,0,2,1,15,1,47,8,1997,1,14,2,1
359,2,9,0,18,0,1,0,0,0,0,1,1,15,2,54,8,1986,1,17,3,1
360,1,3,0,18,0,0,0,0,0,0,1,1,15,1,31,6,124,1,4,5,1
361,2,19,0,6,0,0,0,0,0,0,4,1,15,1,-1,-1,-1,-1,-1,-1,-1
362,1,8,0,18,0,0,0,0,0,0,4,1,15,1,41,7,2664,2,10,10,1
363,1,4,0,18,0,2,0,0,0,0,4,1,15,1,41,7,198,1,2,2,1
364,2,9,0,6,0,2,0,0,0,0,3,1,15,2,34,6,1299,1,1,-1,-1
365,1,8,0,18,0,0,0,0,0,0,4,1,15,1,48,8,2664,2,4,5,1
366,2,9,0,2,0,0,0,0,0,0,0,1,15,3,-1,-1,-1,-1,-1,-1,-1
367,3,9,0,2,0,0,0,0,0,0,0,1,15,3,-1,-1,-1,-1,-1,-1,-1
368,1,9,0,18,0,8,0,0,0,0,1,1,15,2,21,5,1242,1,1,3,1
369,2,9,0,18,0,8,0,0,0,0,3,1,15,1,48,8,-1,-1,-1,10,1
370,3,19,0,2,0,1,0,0,0,0,0,1,15,3,-1,-1,2151,2,1,-1,-1
371,1,9,0,18,0,0,0,0,0,0,1,1,15,3,-1,-1,-1,-1,-1,-1,-1
372,1,9,0,18,0,8,0,0,0,0,4,1,15,2,34,6,-1,-1,-1,3,1
373,2,9,0,18,0,8,0,0,0,0,1,1,15,2,30,6,-1,-1,-1,1,1
374,1,5,0,11,0,0,0,0,0,0,3,1,15,1,21,5,937,1,9,7,1
375,2,8,0,11,0,0,0,0,0,0,4,1,1,3,-1,-1,-1,-1,-1,-1,-1
376,1,11,0,18,0,2,0,0,0,0,4,1,1,3,-1,-1,-1,-1,-1,-1,-1
377,1,3,0,18,0,1,0,0,0,0,4,1,15,1,30,6,-1,-1,-1,4,1
378,2,9,0,6,0,1,0,0,0,0,3,1,15,1,45,7,1998,1,5,3,1
379,1,9,0,18,0,8,0,0,0,0,1,1,15,2,32,6,1905,2,7,-1,-1
380,2,9,0,9,0,8,0,0,0,0,4,1,15,2,35,6,1000,1,5,6,1
381,1,5,0,18,0,8,0,0,0,0,0,1,15,1,24,5,599,1,2,10,1
382,2,9,0,12,0,8,0,0,0,0,0,1,15,1,-1,-1,1598,1,4,-1,-1
383,1,9,0,2,0,0,0,0,0,0,3,1,15,2,49,8,-1,-1,-1,4,1
384,2,1,0,16,0,0,0,0,0,0,0,1,15,1,18,4,-1,-1,-1,6,1
385,1,11,0,18,0,0,0,0,0,0,0,1,1,1,37,7,7300,2,4,1,1
386,1,11,0,5,0,8,0,0,0,0,0,1,15,1,23,5,-1,2,39,4,1
387,1,5,0,18,0,8,0,0,0,0,1,1,15,1,29,6,645,1,6,6,1
388,2,9,0,9,0,8,0,0,0,0,1,1,15,1,36,7,1799,1,9,5,1
389,1,9,0,4,0,1,0,0,0,0,2,1,15,1,46,8,2438,1,7,3,1
390,2,9,0,18,0,1,0,0,0,0,1,1,15,1,27,6,-1,-1,-1,4,1
391,1,9,0,18,0,0,0,0,0,0,1,1,15,1,44,7,1997,2,1,3,1
392,1,9,0,9,0,8,0,0,0,0,1,1,15,2,39,7,1595,1,15,-1,-1
393,2,4,0,18,0,1,0,0,0,0,1,1,15,1,28,6,-1,-1,-1,7,1
394,1,9,0,11,0,0,0,0,0,0,4,1,15,1,36,7,-1,-1,-1,-1,-1
395,2,9,0,18,0,0,0,0,0,0,1,1,15,1,-1,-1,2304,2,17,-1,-1
396,1,1,0,18,0,8,0,0,0,0,3,1,15,1,28,6,-1,-1,-1,3,1
397,2,9,0,7,0,8,0,0,0,0,4,1,15,1,-1,-1,-1,-1,-1,-1,-1
398,1,8,0,18,0,1,0,7,1,10,0,1,15,1,62,9,2664,2,7,8,1
399,2,9,0,9,0,8,0,0,0,0,0,1,15,1,-1,-1,1997,1,7,-1,-1
400,1,9,0,2,0,8,0,0,0,0,3,1,15,1,42,7,3199,1,4,10,1
401,2,1,0,18,0,8,0,8,0,0,4,1,15,1,21,5,-1,-1,-1,2,1
402,1,9,0,9,0,8,0,0,0,0,0,1,15,1,53,8,1461,2,2,9,1
403,2,3,0,7,0,8,0,0,0,0,1,1,15,1,-1,-1,-1,-1,-1,5,1
404,1,9,0,18,0,2,0,0,7,2,1,1,15,2,24,5,1598,1,2,7,1
405,1,5,0,3,0,1,0,0,1,10,4,1,15,1,48,8,1130,1,1,6,1
406,2,9,0,7,0,8,0,0,0,0,1,1,15,3,-1,-1,-1,-1,-1,-1,-1
407,1,2,0,18,0,0,0,0,0,0,1,1,15,1,36,7,-1,-1,-1,6,1
408,1,9,0,18,0,8,0,0,0,0,4,1,15,1,47,8,1596,1,11,2,1
409,2,9,0,18,0,8,0,0,0,0,1,1,15,1,-1,-1,1994,2,9,3,1
410,1,11,0,18,0,1,0,0,0,0,4,1,1,1,36,7,-1,-1,-1,9,3
411,2,1,0,18,0,1,0,0,1,0,3,1,15,1,25,5,-1,-1,-1,4,1
412,1,5,0,18,0,8,0,0,0,0,1,1,15,1,25,5,599,1,9,2,1
413,2,9,0,10,0,8,0,0,0,0,3,1,15,1,63,9,1905,2,11,3,1
414,1,5,0,18,0,0,0,0,0,0,2,1,15,1,45,7,1188,1,9,9,1
415,2,19,0,18,0,0,0,0,0,0,1,1,15,1,30,6,1998,2,2,1,1
416,1,9,0,2,0,1,0,0,0,0,3,1,15,1,41,7,1229,1,-1,7,1
417,2,1,0,18,0,1,0,0,0,0,1,1,15,1,30,6,-1,-1,-1,2,1
418,1,8,0,16,0,1,0,0,0,0,4,1,1,1,42,7,2664,2,5,8,1
419,1,9,0,18,0,8,0,0,0,0,1,1,15,1,41,7,2000,1,5,7,1
420,2,1,0,18,0,8,0,0,0,0,1,1,15,1,24,5,-1,-1,-1,4,1
421,1,8,0,18,0,1,0,0,1,0,0,1,1,1,41,7,2664,2,14,4,1
422,1,9,0,3,0,0,0,0,0,0,2,1,15,1,37,7,1834,1,11,1,1
423,2,19,0,18,0,0,0,0,0,0,2,1,15,1,52,8,2496,2,6,2,1
424,1,9,0,4,0,8,0,10,3,2,1,1,15,2,32,6,1235,1,16,6,1
425,1,9,0,9,0,8,0,0,0,0,4,1,15,1,57,9,-1,-1,-1,6,1
426,2,3,0,18,0,8,0,0,0,0,1,1,15,1,21,5,-1,-1,-1,4,1
427,1,9,0,7,0,8,0,0,0,0,1,1,15,2,19,4,1149,1,-1,5,1
428,2,1,0,18,0,8,0,0,0,0,1,1,15,2,46,8,-1,-1,-1,-1,-1
429,1,19,0,1,0,0,0,0,0,0,2,1,15,1,35,6,-1,-1,-1,5,1
430,1,3,0,3,0,8,0,0,0,0,1,1,15,1,55,8,124,1,6,-1,-1
431,2,9,0,18,0,8,0,0,0,0,1,1,15,1,33,6,1242,1,2,2,1
432,1,11,0,2,0,0,0,0,0,0,0,1,15,1,47,8,7300,2,4,4,1
433,1,11,0,7,0,8,0,0,0,0,1,1,1,2,51,8,8268,2,3,3,1
434,2,5,0,18,0,8,0,0,0,0,3,1,15,1,39,7,599,1,4,9,1
435,1,9,0,12,0,8,0,0,0,0,1,1,15,1,47,8,2793,1,8,10,1
436,2,3,0,18,0,8,0,0,0,0,0,1,15,1,33,6,125,1,3,2,1
437,1,5,0,18,0,8,0,0,0,0,1,1,15,1,32,6,-1,-1,-1,2,1
438,2,9,0,9,0,8,0,0,0,0,4,1,15,2,33,6,1242,1,4,10,1
439,1,3,0,17,0,8,1,0,0,0,1,1,15,1,35,6,125,1,-1,-1,-1
440,2,9,0,7,0,8,0,0,0,0,3,1,15,2,36,7,2979,1,-1,7,1
441,1,19,0,7,0,8,0,0,0,0,0,1,1,1,55,8,2295,1,5,3,1
442,2,11,0,18,0,8,0,0,0,0,0,1,1,1,27,6,7300,2,3,3,1
443,1,4,0,18,0,8,0,0,0,0,1,1,15,3,-1,-1,-1,-1,-1,-1,-1
444,1,1,0,18,0,8,0,0,0,0,3,1,15,1,24,5,-1,-1,-1,1,1
445,2,9,0,7,0,8,0,0,0,0,4,1,15,1,-1,-1,1580,1,11,-1,-1
446,1,3,0,18,0,8,0,0,0,0,1,1,15,1,29,6,124,1,1,5,1
447,2,1,0,9,0,8,0,0,0,0,3,1,15,1,-1,-1,-1,-1,-1,-1,-1
448,1,3,0,13,0,1,0,0,0,0,1,1,15,1,24,5,124,1,1,4,1
449,2,9,0,9,0,3,0,0,0,0,3,1,15,1,29,6,1390,1,10,3,1
450,1,9,0,9,0,8,0,0,0,0,1,1,15,1,23,5,1598,1,-1,8,1
451,2,1,0,18,0,8,0,0,0,0,3,1,15,1,26,6,-1,-1,-1,7,1
452,1,9,0,9,0,8,0,0,0,0,1,1,15,1,39,7,1781,1,9,4,1
453,2,3,0,13,0,8,0,0,0,0,1,1,15,1,36,7,124,1,2,5,1
454,1,19,0,18,0,0,0,0,0,0,1,1,15,1,41,7,2151,2,5,9,1
455,2,5,0,3,0,0,0,0,0,0,2,1,15,1,39,7,582,1,1,6,1
456,1,9,0,18,0,8,0,0,0,0,4,1,15,1,34,6,1747,1,9,4,1
457,2,9,0,18,0,8,0,0,0,0,1,1,15,1,37,7,1998,1,1,-1,-1
458,1,1,0,15,0,1,0,0,0,0,1,1,15,1,21,5,-1,-1,-1,4,1
459,2,8,0,9,0,1,0,0,0,0,4,1,15,1,36,7,-1,-1,-1,2,1
460,1,9,0,9,0,2,0,0,0,0,1,1,15,2,34,6,1339,1,2,2,1
461,2,9,0,18,0,2,0,0,0,0,2,1,15,1,26,6,1124,1,14,3,1
462,1,11,0,4,0,0,0,0,0,0,4,1,1,1,49,8,7300,2,1,7,1
463,1,2,0,13,0,1,0,0,0,0,1,1,15,1,34,6,50,1,3,7,1
464,2,19,0,16,0,1,0,0,0,0,1,1,15,1,58,9,2494,2,3,1,1
465,3,19,0,9,0,1,0,0,0,0,2,1,15,1,51,8,1998,2,1,10,1
466,1,9,0,13,0,0,0,0,0,0,1,1,15,3,-1,-1,-1,-1,-1,-1,-1
467,2,1,0,13,0,0,0,0,0,0,2,1,15,1,42,7,-1,-1,-1,-1,-1
468,1,11,0,3,0,0,0,0,0,0,0,1,1,1,28,6,4250,2,3,2,1
469,2,1,0,18,0,0,0,0,0,0,1,1,15,2,54,8,-1,-1,-1,3,1
470,1,1,0,9,0,1,0,0,0,0,3,1,15,2,23,5,-1,-1,-1,4,1
471,2,9,0,18,0,1,0,0,0,0,4,1,15,3,-1,-1,-1,-1,-1,-1,-1
472,1,5,0,18,0,3,0,0,0,0,1,1,15,1,51,8,1084,1,10,6,1
473,1,19,0,6,0,0,0,0,0,0,3,1,15,1,66,10,2402,2,2,3,1
474,2,5,0,18,0,0,0,0,0,0,4,1,15,1,52,8,1171,1,1,9,1
475,1,9,0,18,0,0,0,0,0,0,1,1,15,1,25,5,1598,1,3,4,1
476,2,9,0,18,0,0,0,0,0,0,2,1,15,2,27,6,2494,1,1,5,1
477,1,11,0,2,0,0,0,0,0,0,4,1,1,1,38,7,8300,2,5,1,1
478,1,9,0,5,0,0,0,0,0,0,1,1,15,2,24,5,999,1,8,4,1
479,2,3,0,18,0,0,0,0,0,0,1,1,15,1,50,8,125,1,4,5,1
480,1,3,0,13,0,0,0,0,0,0,3,1,15,1,30,6,125,1,4,5,1
481,2,3,0,18,0,0,0,0,0,0,3,1,15,1,-1,-1,-1,-1,-1,3,1
482,1,1,0,18,0,0,0,0,0,0,1,1,15,1,32,6,-1,-1,-1,3,1
483,2,9,0,2,0,0,0,0,0,0,0,1,15,1,-1,-1,-1,-1,-1,8,1
484,1,9,0,18,0,8,0,0,0,0,1,1,15,2,-1,-1,-1,-1,-1,3,1
485,1,1,0,18,0,8,0,0,0,0,1,1,15,1,39,7,-1,-1,-1,3,1
486,2,9,0,2,0,8,0,0,0,0,3,1,15,1,-1,-1,2148,2,3,-1,-1
487,1,2,0,18,0,0,0,0,0,0,1,1,15,1,27,6,49,1,2,3,1
488,2,19,0,5,0,0,0,0,0,0,3,1,15,1,22,5,1681,2,12,8,1
489,1,19,0,2,0,8,0,0,0,0,2,1,15,1,23,5,1997,2,1,4,1
490,2,9,0,18,0,8,0,0,0,0,1,1,15,1,-1,-1,-1,-1,-1,-1,-1
491,1,21,0,18,0,8,0,0,0,0,0,1,15,1,38,7,6370,2,3,10,1
492,2,5,0,18,0,8,0,0,0,0,3,1,15,1,63,9,599,1,1,9,1
493,1,3,0,18,0,8,0,0,0,0,3,1,15,1,19,4,124,1,-1,4,1
494,2,9,0,9,0,8,0,0,0,0,1,1,15,1,-1,-1,-1,-1,-1,-1,-1
495,1,5,0,18,0,8,0,0,0,0,0,1,15,3,-1,-1,-1,-1,-1,-1,-1
496,1,9,0,12,0,0,0,0,0,0,2,1,15,1,60,9,1998,2,-1,3,1
497,2,3,0,18,0,0,0,0,0,0,1,1,15,1,34,6,125,1,1,1,1
498,1,2,0,18,0,8,0,0,0,0,0,1,15,1,17,4,49,1,1,1,1
499,1,9,0,9,0,8,0,0,0,0,3,1,15,2,27,6,1596,1,4,3,1
500,2,11,0,18,0,1,0,0,0,0,1,1,1,1,35,6,8300,2,5,2,1
501,1,5,0,13,0,8,0,0,0,0,4,1,15,1,29,6,984,1,1,2,1
502,2,9,0,9,0,8,0,0,0,0,1,1,15,1,25,5,1396,1,8,3,1
503,1,9,0,7,0,8,0,0,0,0,4,1,15,1,45,7,2598,1,10,9,1
504,2,19,0,18,0,8,0,0,0,0,3,1,15,1,19,4,-1,-1,-1,9,2
505,1,9,0,9,0,8,0,0,0,0,1,1,15,1,36,7,973,1,5,5,1
506,2,5,0,18,0,1,1,0,0,0,1,1,15,1,37,7,955,1,1,-1,-1
507,1,9,0,9,0,2,0,0,0,0,1,1,15,1,45,7,1999,1,-1,3,1
508,1,8,0,4,0,1,0,0,0,0,2,1,1,1,46,8,2664,2,5,3,1
509,2,9,0,18,0,1,0,0,0,0,1,1,15,2,-1,-1,1596,1,10,-1,-1
510,1,9,0,10,0,8,0,0,0,0,2,1,15,1,67,10,1597,1,11,7,1
511,2,9,0,4,0,8,0,0,0,0,1,1,15,2,-1,-1,4511,1,2,7,1
512,3,9,0,18,0,8,0,0,0,0,1,1,15,1,-1,-1,1796,1,5,-1,-1
513,1,5,0,18,0,1,0,0,0,0,3,1,15,2,62,9,582,1,3,6,1
514,2,9,0,11,0,1,0,0,0,0,4,1,15,2,35,6,1998,1,2,3,1
515,1,9,0,3,0,1,0,0,0,0,2,1,15,1,56,9,1598,1,4,4,1
516,2,9,0,18,0,1,0,0,0,0,1,1,15,1,40,7,1870,2,-1,6,1
517,3,8,0,3,0,1,0,0,0,0,2,1,15,1,57,9,-1,-1,-1,9,1
518,1,3,0,3,0,8,0,0,0,0,2,1,15,1,47,8,124,1,9,2,1
519,2,9,0,17,0,8,0,0,0,0,4,1,15,3,-1,-1,-1,-1,-1,-1,-1
520,1,1,0,9,0,2,0,0,0,0,2,1,15,1,30,6,-1,-1,-1,3,1
521,2,11,0,18,0,2,0,0,0,0,1,1,1,1,-1,-1,-1,-1,-1,-1,-1
522,1,9,0,3,0,1,0,0,0,0,2,1,15,2,38,7,2982,2,1,6,1
523,2,3,0,18,0,1,0,0,0,0,2,1,15,1,-1,-1,124,1,-1,-1,-1
524,3,19,0,18,0,1,0,0,0,0,1,1,15,1,-1,-1,1868,2,6,-1,-1
525,1,9,0,2,0,2,0,0,0,0,2,1,15,3,-1,-1,-1,-1,-1,-1,-1
526,2,1,0,18,0,2,0,4,0,0,1,1,15,1,27,6,-1,-1,-1,-1,-1
527,1,9,0,5,0,8,0,0,0,0,1,1,15,2,25,5,1587,1,2,5,1
528,2,9,0,4,0,8,0,0,0,0,2,1,15,2,53,8,2000,1,13,8,2
529,1,9,0,18,0,8,0,0,0,0,1,1,15,1,34,6,-1,-1,-1,2,1
530,2,11,0,18,0,8,0,0,0,0,3,1,1,1,50,8,8268,2,2,3,1
531,3,19,0,18,0,8,0,0,0,0,0,1,1,1,-1,-1,-1,-1,-1,-1,-1
532,1,4,0,18,0,0,0,0,0,0,4,1,15,3,-1,-1,-1,-1,-1,-1,-1
533,1,9,0,18,0,0,0,0,0,0,1,1,15,2,29,6,-1,-1,-1,2,1
534,1,1,0,9,0,8,1,0,0,0,0,1,15,2,31,6,-1,-1,-1,4,1
535,2,9,0,9,0,8,0,0,0,0,0,1,15,2,31,6,2693,1,18,4,1
536,1,3,0,18,0,8,0,0,0,0,3,1,15,2,21,5,124,1,7,2,1
537,2,8,0,5,0,8,0,0,0,0,0,1,15,1,-1,-1,-1,-1,-1,-1,-1
538,1,9,0,18,0,1,0,0,0,0,1,1,15,1,35,6,1834,1,4,4,1
539,1,11,0,18,0,2,0,0,0,0,0,1,1,1,47,8,7300,2,1,1,1
540,1,9,0,18,0,0,0,0,0,0,4,1,15,1,25,5,1581,1,6,3,1
541,2,9,0,1,0,0,0,0,0,0,2,1,15,1,-1,-1,1587,1,6,-1,-1
542,1,2,0,18,0,0,0,0,0,0,1,1,15,1,30,6,-1,-1,-1,7,1
543,2,9,0,12,0,0,0,0,0,0,2,1,15,1,29,6,1149,1,-1,-1,-1
544,1,19,0,18,0,8,0,0,0,0,1,1,15,1,49,8,2461,2,4,1,1
545,2,9,0,9,0,8,0,0,0,0,3,1,15,2,25,5,1998,2,5,2,1
546,1,11,0,18,0,0,0,0,0,0,0,1,1,1,57,9,7300,2,4,-1,-1
547,2,9,0,6,0,0,0,0,0,0,0,1,15,2,-1,-1,-1,-1,-1,-1,-1
548,1,11,0,18,0,2,0,0,0,0,0,1,1,1,39,7,8268,2,3,2,1
549,1,11,0,18,0,1,0,0,0,0,3,1,1,1,31,6,8268,2,2,8,1
550,2,21,0,18,0,1,0,0,0,0,4,1,15,1,26,6,-1,2,5,2,1
551,1,9,0,7,0,8,0,0,0,0,1,1,15,1,20,4,1598,1,1,4,1
552,1,5,0,18,0,8,0,0,0,0,1,1,15,1,28,6,599,1,4,5,1
553,2,9,0,9,0,8,0,0,0,0,3,1,15,2,26,6,-1,-1,-1,-1,-1
554,1,3,0,18,0,2,0,0,0,0,1,1,15,1,25,5,124,1,4,2,1
555,2,1,0,18,0,1,0,0,0,0,1,1,15,1,24,5,-1,-1,-1,3,1
556,1,9,0,18,0,0,1,0,0,0,1,1,15,1,30,6,1753,2,10,7,1
557,1,9,0,18,0,1,0,0,0,0,1,1,15,1,22,5,1686,2,2,9,1
558,2,9,0,18,0,1,0,0,0,0,2,1,15,1,-1,-1,1948,1,7,-1,-1
559,1,9,0,18,0,8,0,0,0,0,1,1,15,3,-1,-1,1598,1,4,-1,-1
560,2,1,0,9,0,8,0,0,0,0,4,1,15,1,41,7,-1,-1,-1,3,1
561,1,11,0,18,0,0,0,0,0,0,0,1,1,1,21,5,-1,-1,-1,-1,-1
562,2,9,0,11,0,0,0,0,0,0,0,1,15,3,-1,-1,-1,-1,-1,-1,-1
563,1,9,0,2,0,8,0,0,0,0,1,1,15,2,27,6,1242,1,2,3,1
564,2,20,0,1,0,8,0,0,0,0,2,1,15,1,22,5,-1,-1,-1,6,1
565,1,9,0,9,0,8,0,0,0,0,4,1,15,1,35,6,-1,-1,-1,7,1
566,2,1,0,15,0,8,0,0,0,0,1,1,15,1,40,7,-1,-1,-1,7,1
567,1,9,0,4,0,8,0,0,0,0,3,1,15,1,42,7,-1,-1,-1,7,1
568,2,9,0,18,0,8,0,0,0,0,4,1,15,1,-1,-1,2521,1,-1,-1,-1
569,1,9,0,18,0,8,0,0,0,0,4,1,15,2,44,7,3700,1,3,-1,-1
570,2,9,0,3,0,8,0,0,0,0,3,1,15,1,29,6,-1,-1,-1,7,1
571,1,9,0,6,0,0,0,0,0,0,3,1,15,1,40,7,4999,1,1,9,1
572,2,5,0,18,0,0,0,0,0,0,1,1,15,1,31,6,-1,-1,-1,7,1
573,1,1,0,3,4,8,0,0,0,0,2,1,15,1,35,6,-1,-1,-1,3,1
574,2,9,0,15,4,8,0,0,0,0,1,1,15,1,-1,-1,-1,-1,-1,-1,-1
575,1,5,0,18,0,1,0,0,0,0,3,1,15,1,36,7,-1,-1,-1,6,1
576,1,9,0,18,0,1,0,0,0,0,1,1,15,2,-1,-1,3199,1,2,6,1
577,2,9,0,6,0,1,0,0,0,0,3,1,15,1,29,6,2188,2,3,-1,-1
578,1,2,0,18,0,2,0,0,0,0,1,1,15,1,31,6,49,1,6,6,1
579,2,8,0,11,0,2,0,0,0,0,4,1,1,1,54,8,2402,2,2,10,1
580,1,9,0,5,8,2,0,0,0,0,1,1,15,3,-1,-1,1590,1,12,-1,-1
581,2,1,0,18,0,2,0,0,0,0,3,1,15,2,31,6,-1,-1,-1,-1,-1
582,1,9,0,18,0,8,0,0,0,0,3,1,15,1,40,7,1390,1,7,7,1
583,2,9,0,18,0,8,0,0,0,0,1,1,15,2,56,9,1968,2,1,6,1
584,1,9,0,16,0,0,0,0,0,0,3,1,15,3,-1,-1,-1,-1,-1,-1,-1
585,1,9,0,1,0,8,0,0,0,0,0,1,15,1,20,4,1598,1,3,3,1
586,1,1,0,7,0,8,0,0,0,0,4,1,15,2,60,9,-1,-1,-1,4,1
587,2,9,0,7,0,8,0,0,0,0,4,1,15,2,-1,-1,-1,-1,-1,-1,-1
588,1,19,0,6,0,2,0,0,0,0,3,1,15,1,25,5,1461,2,2,4,1
589,2,4,0,13,0,2,0,0,0,0,1,1,15,1,30,6,-1,-1,-1,4,1
590,1,20,1,9,0,8,0,0,0,0,4,1,15,1,34,6,-1,-1,-1,1,1
591,2,5,0,18,0,8,1,0,0,0,1,1,15,1,30,6,599,1,5,2,1
592,1,9,0,18,0,8,0,0,0,0,3,1,15,1,45,7,1905,2,7,7,1
593,2,1,0,18,0,8,0,0,0,0,1,1,15,1,18,4,-1,-1,-1,-1,-1
594,1,9,0,9,0,8,0,0,0,0,4,1,15,2,62,9,1390,1,5,8,1
595,2,9,0,18,0,8,0,0,0,0,1,1,15,3,-1,-1,4398,1,4,-1,-1
596,1,1,0,18,0,0,0,8,0,0,3,1,15,1,37,7,-1,-1,-1,4,1
597,2,9,0,2,0,0,0,0,0,0,3,1,15,3,-1,-1,-1,-1,-1,-1,-1
598,1,9,0,18,0,2,0,0,3,10,1,1,15,1,50,8,4966,1,3,-1,-1
599,1,9,0,2,0,0,0,0,0,0,3,1,1,1,49,8,2401,2,-1,1,1
600,2,2,0,18,0,0,0,0,0,0,1,1,15,1,31,6,50,1,5,10,1
601,3,9,0,2,0,0,0,0,0,0,3,1,15,2,-1,-1,1390,1,7,7,1
602,1,9,0,18,0,1,0,0,0,0,1,1,15,1,-1,-1,-1,-1,-1,-1,-1
603,2,1,0,4,0,1,0,0,0,0,2,1,15,1,24,5,-1,-1,-1,4,1
604,1,9,0,2,0,1,0,0,0,0,3,1,15,1,64,9,1299,1,6,-1,-1
605,2,1,0,18,0,1,0,8,0,0,1,1,15,2,23,5,-1,-1,-1,-1,-1
606,1,9,0,18,0,0,0,0,0,0,3,1,15,2,36,7,-1,-1,-1,2,1
607,2,11,0,3,0,0,0,0,0,0,0,1,1,3,-1,-1,-1,-1,-1,-1,-1
608,1,19,0,9,0,8,0,0,0,0,1,1,15,1,36,7,2402,2,-1,-1,-1
609,2,3,0,14,0,8,0,0,0,0,1,1,15,1,32,6,124,1,11,-1,-1
610,3,19,0,18,0,8,0,0,0,0,0,1,15,1,40,7,2874,2,7,8,1
611,1,8,0,18,0,8,0,0,0,0,3,1,15,1,59,9,2664,2,10,-1,-1
612,2,9,0,9,0,8,0,0,0,0,1,1,15,1,-1,-1,-1,-1,-1,6,1
613,1,5,0,18,0,8,0,0,0,0,3,1,15,1,52,8,1116,1,27,6,1
614,2,10,0,9,0,8,0,0,0,0,1,1,15,1,23,5,2461,2,1,1,1
615,1,90,0,7,0,1,0,4,1,4,1,1,15,1,25,5,-1,-1,-1,-1,-1
616,2,9,0,2,0,1,0,0,0,0,3,1,15,1,30,6,-1,-1,-1,2,1
617,1,9,0,18,0,8,0,0,0,0,1,1,15,1,42,7,2496,2,2,4,1
618,2,9,0,18,0,8,0,10,3,10,4,1,15,2,39,7,-1,-1,-1,7,1
619,1,9,0,7,0,8,0,0,0,0,4,1,15,1,42,7,1998,1,1,2,1
620,2,1,0,18,0,8,0,0,0,0,1,1,15,1,34,6,-1,-1,-1,4,1
621,1,11,0,18,0,0,0,0,0,0,1,1,15,1,42,7,7300,2,2,-1,-1
622,1,9,0,18,0,0,0,0,0,0,1,1,15,1,59,9,-1,-1,-1,6,1
623,2,1,0,18,0,0,0,0,0,0,2,1,15,1,40,7,-1,-1,-1,2,1
624,1,9,0,7,0,0,0,10,7,2,1,1,15,1,30,6,3239,1,7,8,1
625,1,1,0,18,0,8,0,0,0,0,1,1,15,1,30,6,-1,-1,-1,4,1
626,2,9,0,9,0,8,0,0,0,0,4,1,15,1,-1,-1,1998,1,11,-1,-1
627,1,9,0,18,0,1,0,0,0,0,4,1,15,1,59,9,-1,-1,-1,9,3
628,1,8,0,7,0,8,0,0,0,0,4,1,15,1,-1,-1,2402,2,1,4,1
629,2,1,0,15,0,8,0,0,0,0,3,1,15,1,23,5,-1,-1,-1,6,1
630,1,9,0,18,0,0,0,0,0,0,3,1,15,2,20,4,1124,1,3,10,1
631,2,9,0,13,0,0,0,0,0,0,4,1,15,1,-1,-1,1868,2,3,-1,-1
632,1,19,0,2,0,8,0,0,0,0,3,1,15,1,36,7,5861,2,10,7,2
633,2,1,0,18,0,8,0,0,0,0,1,1,15,2,38,7,-1,-1,-1,-1,-1
634,1,9,0,9,0,8,0,0,0,0,3,1,15,1,25,5,2494,1,2,7,1
635,2,1,0,18,0,8,0,0,0,0,1,1,15,1,31,6,-1,-1,-1,9,1
636,1,19,0,18,0,8,0,0,0,0,1,1,15,1,25,5,2496,2,12,5,1
637,2,9,0,18,0,8,0,0,0,0,3,1,15,2,74,10,1596,1,5,9,1
638,1,9,0,18,0,0,0,0,0,0,2,1,15,2,38,7,1389,1,7,3,1
639,2,9,0,18,0,0,0,0,0,0,1,1,15,2,-1,-1,-1,-1,-1,-1,-1
640,1,5,0,18,0,8,0,0,0,0,3,1,15,1,45,7,1084,1,3,5,1
641,2,9,0,6,0,8,0,0,0,0,3,1,15,1,-1,-1,-1,-1,-1,-1,-1
642,1,8,0,7,0,8,0,0,0,0,2,1,15,1,43,7,2664,2,8,3,1
643,2,9,0,9,0,8,0,0,0,0,0,1,15,2,35,6,1895,1,5,4,1
644,3,1,0,7,0,8,0,0,0,0,1,1,15,1,33,6,-1,-1,-1,2,1
645,1,8,0,7,0,8,0,0,0,0,2,1,15,1,54,8,2362,1,1,6,1
646,2,9,0,8,0,8,0,0,0,0,1,1,15,1,39,7,-1,-1,-1,8,1
647,1,9,0,15,0,0,0,0,0,0,3,1,15,1,39,7,2295,1,4,6,1
648,2,2,0,13,0,0,0,0,0,0,4,1,15,1,35,6,49,1,-1,4,1
649,1,9,0,6,0,1,0,0,0,0,4,1,15,1,32,6,-1,-1,-1,5,1
650,2,4,0,18,0,1,0,0,0,0,1,1,15,1,-1,-1,-1,-1,-1,7,1
651,1,9,0,18,0,0,0,0,0,0,1,1,15,2,27,6,1124,1,6,3,1
652,2,11,0,2,0,0,0,0,0,0,0,1,1,3,-1,-1,-1,-1,-1,-1,-1
653,1,1,0,18,0,0,0,0,0,0,3,1,15,1,28,6,-1,-1,-1,3,1
654,2,11,0,18,0,0,0,0,0,0,4,1,15,1,53,8,8268,2,3,6,1
655,1,9,0,9,0,8,0,0,0,0,1,1,15,1,20,4,1598,1,1,6,1
656,2,1,0,7,0,8,0,0,0,0,1,1,15,1,60,9,-1,-1,-1,6,1
657,1,9,0,16,0,3,2,10,7,7,4,1,15,2,40,7,698,1,-1,-1,-1
658,2,9,0,16,0,3,0,0,0,0,3,1,15,1,57,9,2997,2,15,6,3
659,1,1,0,18,0,1,0,0,0,0,1,1,15,1,29,6,-1,-1,-1,3,1
660,2,19,0,9,0,8,0,0,0,0,4,1,15,1,-1,-1,-1,-1,-1,-1,-1
661,1,9,0,18,0,8,0,0,0,0,1,1,15,1,26,6,-1,-1,-1,2,1
662,2,19,0,9,0,8,0,0,0,0,4,1,15,1,-1,-1,1870,2,-1,-1,-1
663,1,8,0,9,0,8,0,0,0,0,3,1,15,1,32,6,1597,1,9,3,1
664,2,3,0,18,0,8,1,0,0,0,1,1,15,1,39,7,124,1,1,8,1
665,1,1,0,18,0,1,1,0,1,0,0,1,15,2,31,6,-1,-1,-1,3,1
666,2,9,0,9,0,1,0,0,0,0,1,1,15,2,42,7,1998,1,4,3,1
667,1,19,0,18,0,0,0,0,0,0,1,1,15,1,45,7,1753,1,7,4,1
668,1,5,0,18,0,1,0,0,0,0,0,1,15,1,45,7,900,1,3,2,1
669,1,11,0,2,0,8,0,0,0,0,0,1,1,1,22,5,-1,-1,-1,5,1
670,1,20,0,13,0,0,0,0,0,0,4,1,15,1,33,6,-1,-1,-1,4,1
671,2,1,0,18,0,0,0,4,0,0,1,1,15,1,63,9,-1,-1,-1,-1,-1
672,3,9,0,2,0,0,0,0,0,0,3,1,15,3,-1,-1,-1,-1,-1,-1,-1
673,1,9,0,18,0,8,1,0,0,0,1,2,15,1,31,6,-1,-1,-1,3,1
674,2,9,0,7,0,8,0,0,0,0,3,1,15,1,29,6,1339,1,-1,7,1
675,3,9,0,2,0,8,0,0,0,0,4,1,15,1,42,7,1781,1,12,6,1
676,4,3,0,2,0,8,0,0,0,0,3,1,15,1,-1,-1,124,1,1,4,1
677,1,8,0,5,0,8,0,0,0,0,3,1,1,1,64,9,3947,1,11,2,1
678,1,9,0,2,0,8,0,0,0,0,3,1,15,1,47,8,2685,2,-1,-1,-1
679,2,1,0,18,0,8,0,0,0,0,1,1,15,1,27,6,-1,-1,-1,4,1
680,1,8,0,6,0,2,0,0,0,0,3,1,15,1,50,8,2148,2,1,3,1
681,2,3,0,18,0,2,0,0,0,0,1,1,15,2,35,6,124,1,7,7,1
682,1,9,0,18,0,1,0,0,0,0,1,1,15,1,29,6,1198,1,-1,-1,-1
683,1,11,0,18,0,8,0,0,0,0,0,1,1,1,46,8,7300,2,1,3,1
684,2,19,0,7,0,8,0,0,0,0,1,1,15,1,-1,-1,-1,-1,-1,-1,-1
685,1,8,0,2,0,0,0,0,0,0,2,1,1,1,47,8,2664,2,4,4,1
686,2,9,0,18,0,0,0,0,0,0,1,1,15,1,27,6,1988,2,-1,4,1
687,1,9,0,16,0,2,0,0,0,0,3,1,15,1,-1,-1,1595,1,7,9,1
688,2,4,0,18,0,2,0,0,0,0,4,1,15,1,45,7,-1,-1,-1,3,1
689,1,11,0,18,0,1,0,0,0,0,3,1,1,2,56,9,7300,2,3,2,1
690,2,9,0,7,0,8,0,0,0,0,4,1,15,2,58,9,-1,-1,-1,6,1
691,1,9,0,7,0,1,0,0,0,0,4,1,15,1,24,5,1390,1,1,2,1
692,2,5,0,15,0,1,0,0,0,0,1,1,15,1,35,6,-1,-1,-1,7,1
693,1,3,0,18,0,8,0,0,0,0,1,1,15,1,25,5,124,1,-1,2,1
694,1,9,0,9,0,8,0,0,0,0,1,1,15,2,18,4,1196,1,10,8,1
695,2,5,0,18,0,8,0,0,0,0,1,1,15,1,43,7,-1,-1,-1,5,1
696,1,9,0,8,0,1,0,0,0,0,2,1,15,2,51,8,1391,1,10,1,1
697,2,9,0,18,0,1,0,0,0,0,1,1,15,1,30,6,-1,-1,-1,4,1
698,1,9,0,18,0,8,0,0,0,0,1,1,15,1,-1,-1,1896,2,4,-1,-1
699,1,3,0,18,0,1,0,0,0,0,1,1,15,1,23,5,124,1,1,2,1
700,1,1,0,18,0,8,0,0,0,0,1,1,15,2,51,8,-1,-1,-1,3,1
701,2,9,0,2,0,8,0,0,0,0,4,1,15,1,-1,-1,1598,2,18,-1,-1
702,1,1,0,18,0,8,0,0,0,0,1,1,15,1,29,6,-1,-1,-1,7,1
703,2,9,0,7,0,8,0,0,0,0,4,1,15,2,-1,-1,1360,1,5,-1,-1
704,1,9,0,18,0,1,0,0,0,0,4,1,15,2,49,8,2398,1,6,8,1
705,2,1,0,5,0,1,0,0,0,0,1,1,15,2,-1,-1,-1,-1,-1,-1,-1
706,1,9,0,18,0,8,0,0,0,0,4,1,15,2,-1,-1,-1,-1,-1,7,1
707,1,5,0,17,0,8,0,0,0,0,3,1,15,1,34,6,955,1,7,10,2
708,2,9,0,11,0,8,0,0,0,0,1,1,15,1,28,6,-1,-1,-1,3,1
709,1,1,0,7,9,2,0,4,0,0,1,1,15,1,58,9,-1,-1,-1,1,1
710,2,9,0,2,0,2,0,0,0,0,2,1,15,1,-1,-1,1753,2,6,2,1
711,1,1,0,14,0,0,0,0,0,0,2,1,15,2,37,7,-1,-1,-1,5,1
712,2,9,0,14,0,0,0,0,0,0,1,1,15,1,-1,-1,-1,-1,-1,7,1
713,1,1,0,18,0,8,0,0,0,0,1,1,15,2,46,8,-1,-1,-1,7,1
714,2,9,0,10,0,8,0,0,0,0,1,1,15,1,-1,-1,-1,-1,-1,-1,-1
715,1,9,0,18,0,8,0,0,0,0,3,1,15,1,27,6,1896,1,7,4,1
716,2,1,0,18,0,8,0,0,0,0,1,1,15,1,31,6,-1,-1,-1,2,1
717,1,9,0,18,0,8,0,0,0,0,1,1,15,1,18,4,1396,1,11,-1,-1
718,1,9,0,18,0,2,0,0,0,0,1,1,15,1,-1,-1,-1,-1,-1,4,1
719,2,9,0,18,0,2,0,0,0,0,2,1,15,1,71,10,-1,-1,-1,4,1
720,1,2,0,18,0,8,0,0,0,0,3,1,15,1,22,5,-1,-1,-1,4,1
721,2,9,0,6,0,8,0,0,0,0,4,1,15,1,-1,-1,1796,1,7,-1,-1
722,1,3,0,18,0,0,0,0,0,0,1,1,15,1,29,6,85,1,7,2,1
723,2,9,0,14,0,0,0,0,0,0,1,1,15,1,40,7,1597,1,10,3,1
724,1,8,0,9,0,8,0,0,0,0,3,1,15,1,74,10,-1,-1,-1,5,1
725,2,1,0,18,0,8,0,0,0,0,1,1,15,1,30,6,-1,-1,-1,5,1
726,1,11,0,2,0,8,0,0,0,0,0,1,1,1,30,6,7300,2,4,2,1
727,1,1,0,18,0,8,0,0,0,0,0,1,15,1,35,6,-1,-1,-1,8,1
728,2,9,0,7,0,8,0,0,0,0,0,1,15,1,-1,-1,-1,-1,-1,-1,-1
729,1,3,0,2,0,2,0,0,0,0,1,1,15,1,29,6,125,1,2,2,1
730,2,19,0,1,0,2,0,0,0,0,2,1,15,1,26,6,2151,2,3,4,1
731,1,9,0,2,0,2,0,0,0,0,3,1,15,2,53,8,-1,-1,-1,-1,-1
732,2,1,0,9,0,2,0,0,0,0,1,1,15,1,-1,-1,-1,-1,-1,-1,-1
733,1,5,0,18,0,1,0,0,0,0,4,1,15,1,36,7,800,1,7,-1,-1
734,1,2,0,18,0,2,0,0,0,0,1,1,15,1,33,6,-1,-1,-1,10,1
735,2,9,0,6,0,2,0,0,0,0,3,1,15,1,27,6,1747,1,5,9,1
736,1,9,0,18,0,1,0,0,1,10,1,1,15,2,27,6,1390,1,5,4,1
737,2,9,0,11,0,1,0,0,0,0,0,1,15,1,60,9,1796,1,8,5,1
738,1,9,0,2,0,8,0,0,0,0,4,1,15,1,42,7,1997,1,13,3,1
739,2,1,0,18,0,8,0,0,0,0,1,1,15,1,23,5,-1,-1,-1,4,1
740,1,9,0,9,0,8,0,0,0,0,1,1,15,2,24,5,1390,1,4,-1,-1
741,2,2,0,18,0,8,0,0,0,0,3,1,15,2,34,6,49,1,3,6,1
742,1,9,0,18,0,8,0,0,0,0,1,1,15,2,-1,-1,1998,1,9,5,1
743,2,9,0,18,0,8,0,0,0,0,3,1,15,1,59,9,-1,-1,-1,7,1
744,1,5,0,18,0,8,0,0,0,0,1,1,15,1,45,7,553,1,12,-1,-1
745,2,19,0,9,0,8,0,0,0,0,3,1,15,1,60,9,1753,2,6,7,1
746,1,9,0,9,0,8,0,0,0,0,0,1,15,2,33,6,-1,-1,-1,2,1
747,1,9,0,3,0,8,0,0,0,0,2,1,15,2,-1,-1,1998,1,6,5,1
748,2,9,0,18,0,8,0,0,0,0,1,1,15,1,40,7,3199,1,1,7,1
749,1,9,0,9,0,8,0,0,0,0,1,1,15,1,22,5,1272,1,19,6,1
750,2,2,0,18,0,8,0,0,0,0,1,1,15,1,25,5,-1,-1,-1,6,1
751,1,9,0,18,0,2,0,0,0,0,3,1,15,1,25,5,1200,1,2,2,1
752,1,9,0,9,0,8,0,0,0,0,2,1,15,1,47,8,999,1,8,5,1
753,2,5,0,13,0,8,0,0,0,0,1,1,15,1,26,6,652,1,13,3,1
754,1,9,0,9,0,1,0,0,0,0,2,1,15,1,49,8,1951,2,2,-1,-1
755,2,9,0,18,0,1,0,0,0,0,1,1,15,2,39,7,1596,1,10,1,1
756,1,1,0,9,0,1,0,0,0,0,1,1,15,1,25,5,-1,-1,-1,4,1
757,2,4,0,18,0,1,0,0,0,0,3,1,15,1,31,6,398,1,13,3,1
758,1,9,0,7,0,2,0,0,0,0,1,1,15,1,42,7,2494,1,5,1,1
759,2,9,0,1,0,2,0,0,0,0,2,1,15,2,-1,-1,-1,-1,-1,-1,-1
760,1,3,0,7,0,1,0,0,0,0,3,1,15,1,36,7,124,1,-1,8,1
761,2,9,0,7,0,1,0,0,0,0,0,1,15,3,-1,-1,-1,-1,-1,-1,-1
762,1,9,0,9,0,8,0,0,0,0,3,1,15,1,33,6,3596,1,4,-1,-1
763,2,1,0,18,0,8,0,0,0,0,1,1,15,1,27,6,-1,-1,-1,-1,-1
764,1,3,0,18,0,8,0,0,0,0,1,1,15,1,28,6,125,1,2,2,1
765,2,9,0,9,0,8,0,0,0,0,4,1,15,1,31,6,1850,1,7,3,1
766,1,19,0,18,0,2,0,0,0,0,3,1,15,2,47,8,-1,-1,-1,3,1
767,1,9,0,18,0,0,0,10,1,4,1,1,15,1,20,4,-1,-1,-1,1,1
768,1,9,0,18,0,0,0,0,0,0,3,1,15,1,25,5,-1,-1,-1,9,1
769,1,9,0,9,0,2,0,0,0,0,1,1,15,2,31,6,1396,1,4,8,1
770,2,9,0,18,0,2,0,0,0,0,4,1,15,1,20,4,1896,2,2,3,1
771,1,9,0,9,0,1,0,0,0,0,3,1,15,1,41,7,1986,1,15,3,1
772,2,1,0,18,0,1,0,0,0,0,1,1,15,2,32,6,-1,-1,-1,1,1
773,1,3,0,5,0,1,0,0,0,0,1,1,15,1,33,6,100,1,4,-1,-1
774,1,9,0,9,0,8,0,0,0,0,4,1,15,2,35,6,1390,1,6,3,1
775,2,1,0,18,0,8,0,0,0,0,1,1,15,1,27,6,-1,-1,-1,4,1
776,1,1,0,18,0,1,0,0,0,0,0,1,15,2,55,8,-1,-1,-1,1,1
777,2,9,0,9,0,8,0,0,0,0,0,1,15,2,43,7,1597,1,9,1,1
778,1,8,0,7,0,8,0,0,0,0,1,1,1,1,45,7,-1,-1,-1,5,1
779,2,1,0,18,0,2,0,0,0,0,4,1,15,2,68,10,-1,-1,-1,4,1
780,1,5,0,18,0,8,0,0,0,0,0,1,15,1,48,8,599,1,7,6,1
781,2,9,0,9,0,8,0,0,0,0,0,1,15,1,37,7,1986,1,16,3,1
782,1,1,0,18,0,8,0,0,0,0,3,1,15,1,29,6,-1,-1,-1,2,1
783,2,9,0,18,0,8,0,0,0,0,1,1,15,2,33,6,1360,1,8,3,1
784,1,19,0,18,0,8,0,0,0,0,1,1,15,1,-1,-1,1997,2,2,4,1
785,1,2,0,18,0,8,0,0,0,0,1,1,15,1,27,6,49,1,-1,-1,-1
786,1,21,0,9,0,8,0,0,0,0,3,1,1,1,47,8,4580,2,5,-1,-1
787,2,19,0,18,0,8,0,0,0,0,4,1,15,1,41,7,1686,2,1,2,1
788,1,3,0,13,0,0,0,0,0,0,1,1,15,1,31,6,125,1,1,1,1
789,2,9,0,6,0,0,0,0,0,0,3,1,15,2,19,4,1299,1,6,4,1
790,1,19,0,7,0,8,0,10,1,0,1,1,1,1,62,9,1968,1,5,-1,-1
791,1,3,0,18,0,0,0,0,0,0,4,1,15,1,20,4,124,1,6,1,1
792,1,5,0,18,0,0,0,0,0,0,3,1,15,1,37,7,625,1,1,3,1
793,2,9,0,6,0,0,0,0,0,0,1,1,15,1,35,6,3996,1,4,4,1
794,1,1,0,18,0,8,0,0,0,0,1,1,15,1,59,9,-1,-1,-1,6,1
795,2,9,0,2,0,8,0,0,0,0,4,1,15,2,-1,-1,-1,-1,-1,-1,-1
796,1,5,0,13,0,1,0,0,0,0,1,1,15,2,44,7,998,1,2,9,1
797,2,9,0,9,0,1,0,0,0,0,3,1,15,1,56,9,-1,-1,-1,7,1
798,1,9,0,16,0,8,0,7,7,0,1,1,15,1,24,5,1598,1,2,7,3
799,2,9,0,9,0,8,0,0,0,0,4,1,15,1,40,7,1595,1,3,7,1
800,1,11,0,4,0,2,0,0,0,0,1,1,1,1,45,7,5883,2,3,-1,-1
801,1,9,0,18,0,0,0,0,0,0,1,1,15,1,72,10,1783,1,3,8,1
802,1,9,0,5,0,0,0,0,0,0,0,1,15,2,37,7,1747,1,9,3,1
803,2,2,0,18,0,0,0,0,0,0,0,1,15,2,25,5,49,1,3,4,1
804,1,9,0,18,0,0,5,0,0,0,3,1,15,1,31,6,1781,1,9,4,1
805,2,9,0,2,0,0,0,0,0,0,4,1,15,3,-1,-1,-1,-1,-1,-1,-1
806,3,9,0,2,0,0,0,0,0,0,4,1,15,3,-1,-1,-1,-1,-1,-1,-1
807,1,2,0,18,0,1,1,0,0,0,1,1,15,1,27,6,-1,-1,-1,4,1
808,2,9,0,9,0,8,0,0,0,0,3,1,15,2,41,7,1149,1,5,7,1
809,1,5,0,18,0,8,0,0,0,0,1,1,15,1,32,6,948,1,20,3,1
810,2,9,0,9,0,8,0,0,0,0,4,1,15,1,-1,-1,-1,-1,-1,-1,-1
811,1,9,0,18,0,0,0,0,0,0,1,1,15,1,19,4,1299,1,6,6,1
812,2,9,0,3,0,0,0,0,0,0,2,1,15,1,63,9,1998,1,1,-1,-1
813,3,9,0,3,0,0,0,0,0,0,2,1,15,2,36,7,1783,1,9,2,1
814,1,9,0,18,0,0,0,7,0,0,0,1,15,1,23,5,2793,1,5,6,1
815,2,9,0,15,0,0,0,0,0,0,0,1,15,3,-1,-1,-1,-1,-1,-1,-1
816,1,3,0,18,0,8,0,0,0,0,1,1,15,1,20,4,124,1,3,-1,-1
817,2,9,0,9,0,8,0,0,0,0,3,1,15,1,43,7,2979,1,3,4,1
818,1,9,0,18,0,1,0,0,0,0,1,1,15,1,28,6,1970,1,4,3,1
819,1,9,0,18,0,8,0,0,0,0,1,1,15,1,24,5,-1,-1,-1,3,1
820,1,9,0,5,0,1,0,0,0,0,3,1,15,1,32,6,1396,1,8,5,1
821,2,1,0,18,0,1,0,0,0,0,1,1,15,2,27,6,-1,-1,-1,1,1
822,1,8,0,18,0,8,0,0,0,0,4,1,1,1,62,9,2664,2,10,-1,-1
823,1,3,0,18,0,0,0,0,0,0,1,1,15,1,27,6,124,1,-1,7,1
824,2,8,0,6,0,0,0,0,0,0,3,1,15,1,58,9,-1,-1,-1,6,1
825,1,9,0,18,0,8,0,0,0,0,1,1,15,2,50,8,1599,1,-1,2,1
826,2,9,0,7,0,8,0,0,0,0,1,1,15,2,25,5,1043,1,14,-1,-1
827,1,8,0,14,0,8,0,0,0,0,1,1,1,1,30,6,2664,2,6,3,1
828,2,11,0,7,0,8,0,0,0,0,1,1,1,1,35,6,7300,2,1,5,1
829,1,9,0,18,0,8,0,0,0,0,1,1,15,1,-1,-1,-1,-1,-1,-1,-1
830,1,1,0,18,0,2,0,0,0,0,1,1,15,1,45,7,-1,-1,-1,7,1
831,1,9,0,18,0,8,0,0,0,0,3,1,15,1,66,10,1242,1,4,1,1
832,2,90,0,18,0,8,0,0,0,0,3,1,15,1,80,11,-1,-1,-1,2,1
833,1,9,0,1,0,1,0,0,0,0,2,1,15,2,-1,-1,1766,1,22,-1,-1
834,1,9,0,9,0,0,0,0,0,0,3,1,15,2,24,5,-1,-1,-1,6,3
835,2,1,0,13,0,0,0,0,0,0,1,1,15,1,45,7,-1,-1,-1,-1,-1
836,1,20,0,6,0,8,0,0,0,0,0,1,15,1,47,8,2449,2,3,7,1
837,2,5,0,18,0,8,0,0,0,0,3,1,15,1,41,7,647,1,3,5,1
838,1,3,0,13,0,0,0,0,0,0,3,1,15,1,17,4,125,1,5,-1,-1
839,2,9,0,18,0,0,0,0,0,0,3,1,15,1,20,4,1998,1,11,6,1
840,3,9,0,4,0,0,0,0,0,0,3,1,15,2,25,5,1595,1,2,7,1
841,1,9,0,18,0,8,0,0,0,0,3,1,15,1,33,6,1991,1,8,2,1
842,2,5,0,18,0,8,0,0,0,0,1,1,15,1,30,6,618,1,1,3,1
843,1,2,0,18,0,8,0,0,0,0,1,1,15,3,-1,-1,-1,-1,-1,-1,-1
844,1,1,0,18,0,8,0,0,0,0,1,1,15,1,23,5,-1,-1,-1,4,1
845,2,8,0,3,0,8,0,0,0,0,4,1,1,1,-1,-1,-1,-1,-1,-1,-1
846,3,9,0,3,0,8,0,0,0,0,3,1,15,1,-1,-1,-1,-1,-1,-1,-1
847,1,9,0,3,0,1,0,0,0,0,2,1,15,2,21,5,1396,1,17,3,1
848,2,9,0,18,0,1,0,0,0,0,1,1,15,1,24,5,-1,-1,-1,-1,-1
849,1,3,0,17,0,2,0,0,0,0,4,1,15,1,24,5,124,1,-1,7,1
850,2,8,0,17,0,2,0,0,0,0,3,1,1,3,-1,-1,-1,-1,-1,-1,-1
851,1,3,0,13,0,8,0,0,0,0,1,1,15,1,34,6,50,1,3,7,1
852,2,9,0,9,0,8,0,0,0,0,3,1,15,1,51,8,1598,1,1,7,1
853,1,11,0,18,0,0,0,0,0,0,4,1,1,2,-1,-1,7300,2,4,-1,-1
854,1,9,0,9,0,2,0,0,0,0,2,1,15,1,42,7,1596,1,-1,-1,-1
855,2,9,0,9,0,2,0,0,0,0,1,1,15,2,43,7,1390,1,3,3,1
856,1,9,0,9,0,1,0,0,0,0,1,1,15,3,-1,-1,-1,-1,-1,-1,-1
857,1,9,0,18,0,8,0,0,0,0,2,1,15,1,31,6,2148,2,3,6,1
858,2,9,0,18,0,8,0,0,0,0,1,1,15,2,-1,-1,1399,2,1,3,1
859,1,5,0,18,0,0,0,0,0,0,3,1,15,1,37,7,998,1,1,10,1
860,2,9,0,6,0,0,0,0,0,0,1,1,15,1,48,8,1896,2,1,7,1
861,1,9,0,18,0,1,0,0,0,0,4,1,15,1,24,5,1242,1,6,-1,-1
862,1,4,0,13,0,8,1,0,0,0,1,1,15,1,41,7,499,1,-1,1,1
863,2,9,0,9,0,8,0,0,0,0,3,1,15,2,33,6,-1,-1,-1,3,1
864,1,9,0,1,0,0,0,0,0,0,2,1,15,1,-1,-1,-1,-1,-1,-1,-1
865,1,9,0,18,0,0,0,0,0,0,1,1,15,2,36,7,3222,2,2,10,3
866,1,4,0,18,0,8,0,0,0,0,1,1,15,1,43,7,499,1,7,6,1
867,2,9,0,12,0,8,0,0,0,0,2,1,15,2,26,6,1998,1,6,4,1
868,1,9,0,9,0,8,0,0,0,0,3,1,15,1,49,8,1896,2,-1,2,1
869,2,3,0,18,0,8,0,0,0,0,1,1,15,1,32,6,124,1,-1,4,1
870,1,4,0,18,0,2,0,0,0,0,4,1,15,3,-1,-1,-1,-1,-1,-1,-1
871,1,9,0,18,0,8,0,0,0,0,4,1,15,2,26,6,1389,1,11,2,1
872,2,9,0,7,0,8,0,0,0,0,1,1,15,2,-1,-1,1299,1,9,3,1
873,1,3,0,18,0,1,0,0,0,0,4,1,15,3,-1,-1,-1,-1,-1,-1,-1
874,1,9,0,18,0,0,0,0,0,0,4,1,15,1,42,7,2495,2,8,7,1
875,1,5,0,18,0,8,0,0,0,0,1,1,15,1,34,6,599,1,2,-1,-1
876,2,9,0,9,0,8,0,0,0,0,3,1,15,3,-1,-1,1590,1,12,-1,-1
877,1,9,0,9,0,8,0,0,0,0,4,1,15,2,28,6,1587,1,2,3,1
878,2,3,0,18,0,8,0,0,0,0,1,1,15,1,32,6,-1,-1,-1,4,1
879,1,19,0,4,0,0,0,0,1,10,1,1,15,1,35,6,-1,-1,-1,3,1
880,1,2,0,12,0,1,0,0,0,0,2,1,15,1,44,7,49,1,1,4,1
881,2,8,0,18,0,1,0,0,0,0,1,1,15,1,65,9,2664,2,9,8,1
882,1,4,0,18,0,8,0,0,0,0,1,1,15,1,44,7,-1,-1,-1,7,1
883,2,2,0,9,0,8,0,0,0,0,3,1,15,1,59,9,49,1,6,3,1
884,1,1,0,18,0,8,0,0,0,0,4,1,15,2,27,6,-1,-1,-1,7,1
885,2,19,0,18,0,8,0,0,0,0,1,1,15,1,-1,-1,-1,-1,-1,-1,-1
886,1,9,0,18,0,2,0,0,0,0,4,1,15,1,41,7,1762,1,7,5,1
887,1,5,0,18,0,0,0,0,0,0,0,1,15,1,33,6,599,1,3,6,1
888,2,11,0,18,0,0,0,0,0,0,4,1,1,3,-1,-1,4250,2,3,-1,-1
889,1,19,0,9,0,8,0,0,0,0,1,1,15,1,65,9,2476,2,8,8,1
890,2,1,0,18,0,8,0,0,0,0,1,1,15,1,47,8,-1,-1,-1,5,1
891,1,9,0,18,0,1,0,0,0,0,1,1,15,1,-1,-1,-1,-1,-1,-1,-1
892,1,5,0,3,0,0,0,0,0,0,2,1,15,1,38,7,600,1,2,-1,-1
893,2,9,0,18,0,0,0,0,0,0,1,1,15,1,-1,-1,-1,-1,-1,-1,-1
894,1,5,0,18,0,8,0,0,0,0,3,1,15,1,28,6,600,1,-1,10,1
895,2,9,0,18,0,8,0,0,0,0,4,1,15,3,-1,-1,1796,1,-1,-1,-1
896,1,9,0,11,0,2,0,0,0,0,4,1,15,1,28,6,-1,-1,-1,2,1
897,2,1,0,18,0,2,0,0,0,0,3,1,15,1,57,9,-1,-1,-1,4,1
898,1,11,0,18,0,0,0,0,0,0,4,1,1,1,24,5,7300,2,4,3,1
899,1,11,0,18,0,0,0,0,0,0,1,1,1,1,40,7,7300,2,-1,2,1
900,1,5,0,18,0,8,0,0,0,0,3,1,15,1,39,7,805,1,15,-1,-1
901,2,8,0,6,0,8,0,0,0,0,3,1,15,1,-1,-1,2664,2,4,-1,-1
902,1,9,0,7,0,2,0,10,7,7,3,1,15,1,22,5,1997,2,3,2,1
903,1,5,0,5,0,2,0,0,0,0,1,1,15,1,60,9,750,1,15,-1,-1
904,1,9,0,9,0,2,0,0,0,0,1,1,15,2,43,7,2497,2,9,3,1
905,2,1,0,18,0,1,0,0,0,0,4,1,15,2,35,6,-1,-1,-1,7,1
906,1,9,0,11,0,1,0,0,1,2,2,1,15,1,26,6,1997,1,5,2,1
907,2,8,0,18,0,1,0,0,0,0,1,1,15,1,45,7,-1,-1,-1,7,1
908,1,90,0,2,0,1,0,0,0,0,3,1,15,2,24,5,2689,2,2,-1,-1
909,2,1,0,14,0,1,0,0,0,0,3,1,15,1,31,6,-1,-1,-1,2,1
910,3,9,0,13,0,1,0,0,0,0,4,1,15,3,-1,-1,1299,1,10,-1,-1
911,1,19,0,7,0,8,0,0,0,0,4,1,1,1,-1,-1,1998,2,-1,-1,-1
912,1,11,0,18,0,0,0,0,0,0,4,1,1,1,31,6,3900,2,-1,3,1
913,1,4,0,18,0,1,1,0,0,0,0,1,15,1,52,8,-1,-1,-1,2,1
914,2,90,0,9,0,8,0,0,0,0,0,1,15,1,-1,-1,-1,-1,-1,-1,-1
915,1,20,0,18,0,1,0,0,0,0,4,1,15,1,38,7,5880,2,3,7,1
916,2,4,0,18,0,1,0,0,0,0,4,1,15,1,33,6,499,1,5,5,1
917,1,9,0,18,0,0,0,0,0,0,1,1,15,3,-1,-1,-1,-1,-1,-1,-1
918,1,9,0,6,0,2,0,0,0,0,3,1,15,2,19,4,2494,1,2,2,1
919,2,3,0,18,0,2,0,0,0,0,1,1,15,1,25,5,-1,-1,-1,9,1
920,1,1,0,18,0,1,0,0,0,0,3,1,15,1,12,3,-1,-1,-1,-1,-1
921,2,9,0,18,0,1,0,0,0,0,1,1,15,1,57,9,-1,-1,-1,-1,-1
922,1,9,0,6,0,1,0,0,0,0,3,1,15,2,40,7,2926,2,4,9,1
923,2,4,0,18,0,1,0,0,0,0,4,1,15,2,50,8,250,1,4,9,1
924,1,11,0,18,0,1,0,0,0,0,1,1,15,1,28,6,7300,2,3,1,1
925,1,9,0,9,0,8,0,0,0,0,4,1,15,2,46,8,2362,1,3,5,1
926,1,4,0,18,0,8,0,0,0,0,3,1,15,1,22,5,400,1,14,4,1
927,2,9,0,6,0,8,0,0,0,0,1,1,15,1,-1,-1,1994,1,9,3,1
928,1,1,0,18,0,8,0,0,0,0,4,1,15,2,28,6,-1,-1,-1,3,1
929,2,2,0,18,0,8,0,0,0,0,4,1,15,1,66,10,-1,-1,-1,2,1
930,1,9,0,18,0,8,0,0,0,0,4,1,15,1,34,6,1587,1,6,2,1
931,2,9,0,9,0,8,0,0,0,0,1,1,15,1,-1,-1,1589,1,8,3,1
932,1,8,0,18,0,8,0,0,0,0,2,1,1,2,36,7,2664,2,10,7,1
933,2,19,0,18,0,8,0,0,0,0,1,1,15,1,-1,-1,-1,-1,-1,-1,-1
934,1,9,0,18,0,1,0,0,0,0,3,1,15,2,35,6,1798,1,-1,3,1
935,2,3,0,18,0,1,0,0,0,0,1,1,15,3,-1,-1,125,1,-1,-1,-1
936,1,9,0,18,0,0,0,4,0,0,1,1,15,2,40,7,1299,1,4,2,1
937,2,9,0,2,0,0,0,0,0,0,1,1,15,2,-1,-1,-1,-1,-1,2,1
938,3,9,0,2,0,0,0,0,0,0,1,1,15,2,-1,-1,1990,1,19,2,1
939,1,11,0,9,0,2,0,0,0,0,1,1,1,3,-1,-1,-1,2,8,-1,-1
940,1,9,0,9,0,6,0,7,3,10,1,1,15,1,57,9,1896,2,3,8,1
941,1,9,0,18,0,1,0,0,0,0,1,1,15,1,-1,-1,5379,1,10,5,1
942,1,9,0,2,0,8,0,0,0,0,2,1,15,2,40,7,899,1,11,1,1
943,2,1,0,18,0,8,0,0,0,0,1,1,15,1,15,3,-1,-1,-1,-1,-1
944,1,9,0,18,0,8,0,0,0,0,1,1,15,1,43,7,1997,2,2,5,1
945,1,9,0,18,0,1,0,0,0,0,1,1,15,1,63,9,1769,1,4,6,2
946,1,9,0,18,0,8,0,0,0,0,1,1,15,1,24,5,1598,1,9,6,1
947,1,19,0,18,0,0,0,0,0,0,0,1,15,3,-1,-1,-1,-1,-1,-1,-1
948,2,9,0,2,6,0,0,0,0,0,1,1,15,3,-1,-1,1391,1,10,-1,-1
949,1,9,0,18,0,1,0,0,0,0,3,1,15,2,36,7,2979,1,1,6,1
950,2,9,0,18,0,1,0,0,0,0,4,1,15,2,83,11,-1,-1,-1,-1,-1
951,3,9,0,2,0,1,0,0,0,0,3,1,15,3,56,9,5400,6,11,3,1
952,4,9,0,18,0,1,0,0,0,0,3,1,15,2,-1,-1,1997,2,6,-1,-1
953,1,9,0,9,0,8,0,0,0,0,3,1,15,2,26,6,657,1,11,7,1
954,2,5,0,14,0,8,0,0,0,0,1,1,15,1,45,7,748,1,5,8,1
955,1,8,0,9,0,1,0,0,0,0,2,1,15,1,65,9,2664,2,15,1,1
956,2,3,0,18,0,1,0,0,0,0,1,1,15,2,21,5,124,1,2,2,1
957,1,9,0,1,0,0,0,0,0,0,1,1,1,1,72,10,1242,1,4,5,1
958,1,1,0,18,0,8,0,0,0,0,4,1,2,1,34,6,-1,-1,-1,1,1
959,2,9,0,9,0,8,0,0,0,0,1,1,15,1,-1,-1,-1,-1,-1,-1,-1
960,1,2,0,18,0,1,0,0,0,0,3,1,1,2,24,5,49,1,5,3,1
961,2,9,0,11,0,1,0,0,0,0,1,1,15,2,39,7,1397,1,2,1,1
962,1,8,0,2,0,0,0,0,0,0,3,1,1,3,-1,-1,-1,-1,-1,-1,-1
963,2,1,0,18,0,0,0,8,0,0,4,1,15,1,36,7,-1,-1,-1,7,1
964,1,2,0,13,0,8,0,0,0,0,1,1,15,1,18,4,49,1,3,1,1
965,2,9,0,9,0,8,0,0,0,0,3,1,15,1,42,7,1198,1,2,3,1
966,1,9,0,10,0,1,0,0,0,0,2,1,15,1,40,7,1595,1,5,5,1
967,2,9,0,10,0,1,0,0,0,0,1,1,15,1,40,7,-1,-1,-1,6,3
968,1,9,0,18,0,0,0,0,0,0,1,1,15,2,30,6,-1,-1,-1,1,1
969,2,9,0,18,0,0,0,0,0,0,1,1,15,1,50,8,1495,1,5,2,1
970,1,9,0,3,0,0,0,0,0,0,2,1,15,1,64,9,1396,1,8,6,1
971,2,9,0,3,0,0,0,0,0,0,2,1,15,2,35,6,-1,-1,-1,3,1
972,3,9,0,18,0,0,0,0,0,0,1,1,15,2,32,6,1587,1,2,3,1
973,1,1,0,18,0,1,0,0,0,0,3,1,15,2,42,7,-1,-1,-1,-1,-1
974,2,9,0,7,0,1,0,0,0,0,2,1,15,2,35,6,1999,1,1,2,1
975,1,9,0,9,0,8,0,0,0,0,1,1,15,1,-1,-1,1973,1,6,-1,-1
976,2,3,0,18,0,8,0,0,0,0,3,1,15,1,30,6,85,1,7,2,1
977,1,3,0,18,0,1,0,10,1,0,4,1,15,1,81,11,125,1,1,3,1
978,2,21,0,9,0,1,0,0,0,0,0,1,1,1,-1,-1,-1,-1,-1,-1,-1
979,1,1,0,18,0,1,0,0,0,0,3,1,15,2,26,6,-1,-1,-1,5,1
980,2,9,0,18,0,1,0,0,0,0,4,1,15,3,-1,-1,2401,2,3,-1,-1
981,1,9,0,9,0,0,0,11,1,10,1,1,15,2,63,9,1389,1,11,4,1
982,2,9,0,2,0,0,0,0,0,0,2,1,15,3,-1,-1,1796,1,3,-1,-1
983,3,9,0,2,0,0,0,0,0,0,2,1,15,3,-1,-1,1390,1,4,-1,-1
984,4,9,0,2,0,0,0,0,0,0,2,1,15,3,-1,-1,2962,1,19,-1,-1
985,1,9,0,18,0,0,0,0,0,0,4,1,15,2,41,7,1984,1,8,2,1
986,2,4,0,18,0,0,0,0,0,0,1,1,15,1,31,6,-1,-1,-1,4,1
987,1,2,0,18,0,8,0,0,0,0,1,1,15,1,28,6,49,1,2,5,1
988,2,9,0,9,0,8,0,0,0,0,3,1,15,2,41,7,1246,1,-1,5,1
989,1,9,0,18,0,8,0,0,0,0,1,1,15,1,20,4,1598,1,10,3,1
990,2,9,0,18,0,8,0,0,0,0,4,1,15,1,19,4,1598,1,5,6,1
991,1,20,0,1,0,1,0,0,0,0,2,1,15,1,35,6,4751,2,3,3,1
992,1,9,0,3,0,1,0,0,0,0,2,1,15,1,-1,-1,-1,-1,-1,3,1
993,2,10,0,18,0,1,0,0,0,0,1,1,15,1,-1,-1,-1,-1,-1,-1,-1
994,1,9,0,1,0,1,0,0,0,0,2,1,15,1,33,6,-1,-1,-1,3,1
995,1,3,0,13,0,1,1,0,0,0,4,1,15,2,31,6,124,1,1,8,1
996,2,9,0,9,0,5,0,0,7,0,3,1,15,1,51,8,-1,-1,-1,-1,-1
997,1,9,0,18,0,1,0,0,0,0,3,1,1,2,44,7,1124,1,12,2,1
998,2,1,0,18,0,1,0,0,0,0,4,1,15,1,9,2,-1,-1,-1,-1,-1
999,1,3,0,6,0,2,0,0,0,0,1,1,15,1,28,6,124,1,8,4,1
1000,2,9,0,18,0,1,0,0,0,0,3,1,15,1,26,6,1781,1,7,3,1
